"","0.05263157894736842"
"mjölkkvoterna","0.02631578947368421"
"8 miljarder","0.02631578947368421"
"biologiska","0.02631578947368421"
"viljan","0.02631578947368421"
"vårda","0.02631578947368421"
"formulera","0.02631578947368421"
"älgkalv","0.02631578947368421"
"myndighet","0.02631578947368421"
"klargöra","0.02631578947368421"
"varje","0.13157894736842105"
"höra","0.02631578947368421"
"betydelse","0.10526315789473684"
"utsläpp","0.02631578947368421"
"siffror","0.05263157894736842"
"rättssäkert","0.02631578947368421"
"stävjades","0.02631578947368421"
"riskera","0.02631578947368421"
"stötta","0.02631578947368421"
"dagen","0.02631578947368421"
"jobbar","0.05263157894736842"
"fokusarealer","0.02631578947368421"
"regelförenklingar","0.02631578947368421"
"kosta","0.10526315789473684"
"kallar","0.02631578947368421"
"spannmålsgårdarna","0.02631578947368421"
"dalarna","0.05263157894736842"
"kallas","0.02631578947368421"
"-","0.631578947368421"
"fungera","0.07894736842105263"
"förhållanden","0.05263157894736842"
"äldre","0.02631578947368421"
"journalist","0.02631578947368421"
"1","0.05263157894736842"
"migrationsströmmar","0.02631578947368421"
"2","0.02631578947368421"
"3","0.07894736842105263"
"dryg","0.02631578947368421"
"4","0.02631578947368421"
"strandskyddet","0.18421052631578946"
"5","0.07894736842105263"
"arbetet","0.05263157894736842"
"koppling","0.07894736842105263"
"förankrade","0.02631578947368421"
"otvetydiga","0.02631578947368421"
"bekämpningsmedel","0.02631578947368421"
"varit","0.34210526315789475"
"schacklarna","0.02631578947368421"
"samt","0.02631578947368421"
"motioner","0.02631578947368421"
"skogsbruksnäringen","0.02631578947368421"
"mjölken","0.05263157894736842"
"regionen","0.02631578947368421"
"roll","0.05263157894736842"
"våtmarker","0.07894736842105263"
"beredd","0.05263157894736842"
"ersättningar","0.02631578947368421"
"ansvar","0.05263157894736842"
"villkor","0.05263157894736842"
"hårt","0.07894736842105263"
"hans","0.02631578947368421"
"organisationen!","0.02631578947368421"
"dessa","0.3684210526315789"
"initiativ","0.02631578947368421"
"förstärka","0.02631578947368421"
"omprövas","0.02631578947368421"
"procent","0.2894736842105263"
"beslutsorgan","0.02631578947368421"
"regeringsuppdrag","0.02631578947368421"
"frihet","0.02631578947368421"
"hård","0.05263157894736842"
"hand","0.18421052631578946"
"säkerhet","0.07894736842105263"
"förorenaren","0.02631578947368421"
"hört","0.07894736842105263"
"veckor","0.02631578947368421"
"ineffektiva","0.05263157894736842"
"fördel","0.02631578947368421"
"sett","0.15789473684210525"
"i","9.763157894736842"
"västsvenska","0.07894736842105263"
"hamn","0.05263157894736842"
"lyhörd","0.02631578947368421"
"på?","0.02631578947368421"
"glädjande","0.07894736842105263"
"halv","0.05263157894736842"
"verkan","0.02631578947368421"
"finansierar","0.02631578947368421"
"finansieras","0.05263157894736842"
"sågar","0.02631578947368421"
"verkar","0.2894736842105263"
"kritik","0.23684210526315788"
"information","0.02631578947368421"
"regioner","0.05263157894736842"
"beslut","0.3157894736842105"
"god","0.21052631578947367"
"utnyttjas","0.02631578947368421"
"utnyttjar","0.02631578947368421"
"dublinförordningen","0.05263157894736842"
"skyddszoner","0.07894736842105263"
"agerande","0.05263157894736842"
"finansen","0.02631578947368421"
"november","0.02631578947368421"
"lade","0.02631578947368421"
"jobben","0.02631578947368421"
"tid","0.13157894736842105"
"ryssland","0.07894736842105263"
"vidta","0.02631578947368421"
"föreslagit","0.10526315789473684"
"känner","0.10526315789473684"
"blogg","0.07894736842105263"
"'lära","0.02631578947368421"
"ambition","0.07894736842105263"
"givetvis","0.18421052631578946"
"fredstida","0.02631578947368421"
"frångått","0.02631578947368421"
"drunknar","0.05263157894736842"
"anser","0.631578947368421"
"regelförenkling","0.02631578947368421"
"övergripande","0.02631578947368421"
"lite","0.4473684210526316"
"ekonomi","0.05263157894736842"
"export","0.02631578947368421"
"tamdjursägare","0.02631578947368421"
"jordbrukets","0.05263157894736842"
"par","0.10526315789473684"
"berätta","0.05263157894736842"
"utmärkta","0.02631578947368421"
"emot","0.07894736842105263"
"kombination","0.02631578947368421"
"prövade","0.02631578947368421"
"utföra","0.02631578947368421"
"intrång","0.02631578947368421"
"§","0.05263157894736842"
"huvud","0.05263157894736842"
"oroliga","0.02631578947368421"
"pay","0.02631578947368421"
"aktiva","0.02631578947368421"
"proportionalitet","0.02631578947368421"
"analyser","0.05263157894736842"
"rubriken","0.02631578947368421"
"beskedet","0.02631578947368421"
"mottagandet","0.15789473684210525"
"asylsökande","0.07894736842105263"
"kvarnsten","0.02631578947368421"
"leansystemet","0.07894736842105263"
"skapat","0.02631578947368421"
"väckarklocka","0.02631578947368421"
"skapar","0.02631578947368421"
"skapas","0.05263157894736842"
"flyktingkonventionen","0.02631578947368421"
"vänster","0.02631578947368421"
"motstånd","0.02631578947368421"
"kunskaperna","0.02631578947368421"
"aktivt","0.02631578947368421"
"älgkött","0.02631578947368421"
"asylansökningar","0.02631578947368421"
"handelsgödselskatt","0.02631578947368421"
"it-system","0.02631578947368421"
"anonyma","0.02631578947368421"
"riksdagens","0.02631578947368421"
"regional","0.07894736842105263"
"kontakt","0.02631578947368421"
"jordbrukspolitik","0.05263157894736842"
"besöksnäring","0.05263157894736842"
"bidrag","0.02631578947368421"
"huvudsakliga","0.02631578947368421"
"garantera","0.02631578947368421"
"rysslands","0.02631578947368421"
"intäkter","0.05263157894736842"
"strålsäkerhetsmyndighetens","0.02631578947368421"
"statsrådet","0.23684210526315788"
"nedlagt","0.02631578947368421"
"trovärdig","0.02631578947368421"
"snaror","0.02631578947368421"
"gotland","0.05263157894736842"
"hälften","0.02631578947368421"
"avseende","0.02631578947368421"
"framkommit","0.02631578947368421"
"intäkten","0.02631578947368421"
"inhemska","0.02631578947368421"
"gör","0.3684210526315789"
"förutsättningarna","0.05263157894736842"
"vattenkvaliteten","0.02631578947368421"
"intresserad","0.02631578947368421"
"sociala","0.05263157894736842"
"energi","0.05263157894736842"
"10 000-20 000","0.02631578947368421"
"demokratur","0.02631578947368421"
"kollektivtrafik","0.02631578947368421"
"förbättringar","0.05263157894736842"
"service","0.05263157894736842"
"verket","0.10526315789473684"
"församlingar","0.02631578947368421"
"hund-","0.02631578947368421"
"framförts","0.02631578947368421"
"alltför","0.02631578947368421"
"grunder","0.02631578947368421"
"löften","0.02631578947368421"
"köper","0.02631578947368421"
"raderna","0.02631578947368421"
"föreslagna","0.13157894736842105"
"krisdrabbade","0.02631578947368421"
"dagens","0.05263157894736842"
"jordbruket","0.13157894736842105"
"praktiken","0.02631578947368421"
"miljöministerns","0.07894736842105263"
"miljardbelopp","0.02631578947368421"
"rättssäkerheten","0.02631578947368421"
"kollisionskurs","0.02631578947368421"
"per","0.21052631578947367"
"vargstam","0.02631578947368421"
"rättmätiga","0.02631578947368421"
"ordföranden","0.02631578947368421"
"period","0.02631578947368421"
"marknad","0.07894736842105263"
"vintertid","0.02631578947368421"
"värmlands","0.02631578947368421"
"löshundsjakt","0.02631578947368421"
"oskarshamn","0.02631578947368421"
"personligen","0.02631578947368421"
"illegala","0.02631578947368421"
"samrådsmöten","0.02631578947368421"
"norge","0.02631578947368421"
"hänsyn","0.10526315789473684"
"texten","0.02631578947368421"
"praxis","0.05263157894736842"
"nämner","0.2894736842105263"
"göteborg?","0.02631578947368421"
"anar","0.02631578947368421"
"aggressioner","0.02631578947368421"
"bygder","0.02631578947368421"
"rådgivning","0.02631578947368421"
"pratar","0.05263157894736842"
"förseelser","0.02631578947368421"
"rimlig","0.02631578947368421"
"bytt","0.02631578947368421"
"pratat","0.02631578947368421"
"agerandet","0.02631578947368421"
"avvakta","0.05263157894736842"
"friluftsliv","0.15789473684210525"
"tyckande","0.02631578947368421"
"upprepar","0.02631578947368421"
"lång","0.05263157894736842"
"grannarna","0.02631578947368421"
"viltförvaltningsdelegationen","0.02631578947368421"
"asylutredning","0.02631578947368421"
"tog","0.10526315789473684"
"rollspel","0.02631578947368421"
"bestämma","0.07894736842105263"
"representanter","0.02631578947368421"
"politikområden","0.02631578947368421"
"kommer","1.263157894736842"
"utredningsförslag","0.05263157894736842"
"ökar","0.05263157894736842"
"lahti","0.02631578947368421"
"gott","0.10526315789473684"
"bedriva?","0.02631578947368421"
"ökat","0.02631578947368421"
"övningar?","0.02631578947368421"
"journalistik","0.02631578947368421"
"lantbruksministern","0.10526315789473684"
"ledtider","0.02631578947368421"
"miljöministern:","0.02631578947368421"
"fritidssysslor","0.02631578947368421"
"sändlista","0.02631578947368421"
"trots","0.2894736842105263"
"faktiskt","0.13157894736842105"
"ökad","0.10526315789473684"
"återkrav","0.02631578947368421"
"partipolitisk","0.02631578947368421"
"vattnet","0.07894736842105263"
"undersökta","0.02631578947368421"
"nämnde","0.07894736842105263"
"stämmer","0.02631578947368421"
"minsta","0.05263157894736842"
"vädjan","0.07894736842105263"
"län","0.02631578947368421"
"satt","0.05263157894736842"
"göteborgs","0.10526315789473684"
"skrivningar","0.02631578947368421"
"åkerbönor","0.05263157894736842"
"grödor","0.02631578947368421"
"mjölkbonde","0.02631578947368421"
"motbevisa","0.02631578947368421"
"djur","0.02631578947368421"
"tillståndsprövningen","0.02631578947368421"
"jägarkårens","0.02631578947368421"
"lag","0.02631578947368421"
"tortyr","0.05263157894736842"
"påverkas","0.05263157894736842"
"påverkar","0.07894736842105263"
"lyser","0.02631578947368421"
"hänger","0.02631578947368421"
"låt","0.07894736842105263"
"förenkling","0.02631578947368421"
"jämte","0.02631578947368421"
"landsbygdsbefolkningens","0.02631578947368421"
"påverkan","0.07894736842105263"
"grundat","0.02631578947368421"
"grundar","0.02631578947368421"
"skryter","0.05263157894736842"
"tre","0.10526315789473684"
"välmåga","0.02631578947368421"
"arbetar","0.10526315789473684"
"antingen","0.02631578947368421"
"centrum?","0.02631578947368421"
"representativt","0.02631578947368421"
"tro","0.10526315789473684"
"hundarna","0.02631578947368421"
"socialdemokrater","0.02631578947368421"
"200","0.05263157894736842"
"uttalade","0.02631578947368421"
"ekonomin","0.02631578947368421"
"regleringsdammarna","0.02631578947368421"
"nej-beslut","0.02631578947368421"
"trygghet","0.07894736842105263"
"natomedlemskap","0.02631578947368421"
"skellefteå","0.02631578947368421"
"värderingar","0.02631578947368421"
"tendenser","0.02631578947368421"
"massa","0.02631578947368421"
"offentliga","0.02631578947368421"
"urval","0.02631578947368421"
"förhålla","0.02631578947368421"
"argumentationen","0.02631578947368421"
"arpi","0.10526315789473684"
"bakgrunden","0.02631578947368421"
"internationella","0.05263157894736842"
"21 procent","0.02631578947368421"
"övergödd","0.02631578947368421"
"domstol","0.02631578947368421"
"oklart","0.02631578947368421"
"havsområden","0.02631578947368421"
"leva","0.10526315789473684"
"extra","0.02631578947368421"
"bedömningarna","0.02631578947368421"
"områden","0.21052631578947367"
"leder","0.07894736842105263"
"land","0.07894736842105263"
"möjligt","0.02631578947368421"
"1,2-1,3","0.10526315789473684"
"löst","0.02631578947368421"
"200 000-500 000","0.02631578947368421"
"förändrats","0.02631578947368421"
"odlas","0.02631578947368421"
"våren","0.05263157894736842"
"snön","0.02631578947368421"
"ange","0.02631578947368421"
"området","0.02631578947368421"
"närma","0.02631578947368421"
"skyldig","0.05263157894736842"
"inget","0.07894736842105263"
"luften","0.02631578947368421"
"lösa","0.02631578947368421"
"nämligen","0.10526315789473684"
"släpptes","0.02631578947368421"
"ingen","0.18421052631578946"
"tredje","0.02631578947368421"
"totalt","0.02631578947368421"
"året","0.05263157894736842"
"fördjupad","0.02631578947368421"
"tvingas","0.05263157894736842"
"nästan","0.18421052631578946"
"åren","0.10526315789473684"
"diskussionerna","0.02631578947368421"
"genereras","0.02631578947368421"
"pratade","0.02631578947368421"
"betjänt","0.02631578947368421"
"aktuellt","0.02631578947368421"
"bevisa","0.02631578947368421"
"ytor","0.02631578947368421"
"genererar","0.02631578947368421"
"redan","0.15789473684210525"
"kritiserade","0.05263157894736842"
"bedriver","0.07894736842105263"
"landet","0.23684210526315788"
"gången","0.07894736842105263"
"verksamheten","0.07894736842105263"
"managementsystemet","0.02631578947368421"
"amerikansk","0.02631578947368421"
"innerligt","0.02631578947368421"
"framskjuten","0.02631578947368421"
"jorden","0.02631578947368421"
"återfanns","0.02631578947368421"
"gånger","0.10526315789473684"
"förstärkningar","0.02631578947368421"
"kvalitet","0.15789473684210525"
"aktuella","0.07894736842105263"
"landsbygd","0.05263157894736842"
"dock","0.10526315789473684"
"aviseras","0.02631578947368421"
"press","0.05263157894736842"
"aviserat","0.05263157894736842"
"betyder","0.07894736842105263"
"uppmärksamma","0.02631578947368421"
"internationellt","0.02631578947368421"
"hette","0.02631578947368421"
"återgå","0.02631578947368421"
"kommuner","0.07894736842105263"
"nödvändigt","0.02631578947368421"
"lyfter","0.15789473684210525"
"avloppen","0.02631578947368421"
"spåras","0.02631578947368421"
"kommunen","0.02631578947368421"
"ärenden","0.05263157894736842"
"ivar","0.13157894736842105"
"hållning","0.02631578947368421"
"rådet","0.05263157894736842"
"vuxit","0.02631578947368421"
"input","0.05263157894736842"
"femtedel","0.02631578947368421"
"beröva","0.02631578947368421"
"rekreation","0.02631578947368421"
"svenskar","0.02631578947368421"
"nödvändiga","0.02631578947368421"
"lupiner","0.02631578947368421"
"lantbruksdjur","0.02631578947368421"
"ibland","0.02631578947368421"
"nyligen","0.07894736842105263"
"6 500-7 000","0.02631578947368421"
"införstådda","0.02631578947368421"
"stanna","0.02631578947368421"
"höstsått","0.02631578947368421"
"angett","0.02631578947368421"
"anläggning","0.02631578947368421"
"närings-","0.02631578947368421"
"konsekvenser","0.05263157894736842"
"tillsyn","0.05263157894736842"
"förslaget","0.05263157894736842"
"situation","0.02631578947368421"
"bära","0.02631578947368421"
"spänner","0.02631578947368421"
"givet","0.02631578947368421"
"eu-stöd","0.02631578947368421"
"besvikelse","0.02631578947368421"
"varandra","0.02631578947368421"
"miljarder","0.3157894736842105"
"flyr","0.02631578947368421"
"fn:s","0.05263157894736842"
"fyra","0.13157894736842105"
"ensidig","0.02631578947368421"
"syftet","0.07894736842105263"
"utrymme","0.02631578947368421"
"fattat","0.02631578947368421"
"här","1.1578947368421053"
"fattar","0.02631578947368421"
"årtiondena","0.02631578947368421"
"därmed","0.05263157894736842"
"senaste","0.05263157894736842"
"uttryckt","0.02631578947368421"
"treårsperiod","0.05263157894736842"
"diskussionen","0.05263157894736842"
"östersjön","0.02631578947368421"
"lämnar","0.02631578947368421"
"principle","0.02631578947368421"
"till","3.8947368421052633"
"lyckas","0.02631578947368421"
"förutsättningar","0.10526315789473684"
"överfallet","0.02631578947368421"
"lämnat","0.05263157894736842"
"matproduktion","0.02631578947368421"
"typ","0.02631578947368421"
"lyckats","0.05263157894736842"
"nämns","0.05263157894736842"
"sam-ansökningar","0.02631578947368421"
"minska","0.13157894736842105"
"bedrivit","0.05263157894736842"
"torde","0.02631578947368421"
"komplexitet","0.02631578947368421"
"oansvariga","0.02631578947368421"
"landshövdingarna","0.02631578947368421"
"återkommande","0.02631578947368421"
"jämfört","0.02631578947368421"
"säkerhetspolitik","0.02631578947368421"
"han","0.4473684210526316"
"placerade","0.02631578947368421"
"har","5.157894736842105"
"vore","0.05263157894736842"
"hav","0.02631578947368421"
"nämna","0.07894736842105263"
"fokusarealerna","0.02631578947368421"
"kraftverken","0.05263157894736842"
"budget","0.10526315789473684"
"släpper","0.02631578947368421"
"utvidgade","0.02631578947368421"
"regering","0.02631578947368421"
"två","0.13157894736842105"
"frågestund","0.02631578947368421"
"irrelevanta","0.02631578947368421"
"upplevts","0.02631578947368421"
"intressanta","0.02631578947368421"
"fördelaktigt","0.02631578947368421"
"solidariska","0.02631578947368421"
"mångfald","0.02631578947368421"
"menar","0.02631578947368421"
"stått","0.02631578947368421"
"samverkansformer","0.02631578947368421"
"merit","0.02631578947368421"
"tolkar","0.02631578947368421"
"integrera","0.02631578947368421"
"mötas","0.02631578947368421"
"tolkas","0.02631578947368421"
"polluters","0.02631578947368421"
"alltså","0.34210526315789475"
"ofta","0.10526315789473684"
"överklagandeinstans","0.02631578947368421"
"icke-existerande","0.02631578947368421"
"orimlig","0.02631578947368421"
"nedrustat","0.02631578947368421"
"entreprenörskap","0.02631578947368421"
"oansvarigt","0.02631578947368421"
"vatten","0.15789473684210525"
"ylat","0.02631578947368421"
"full","0.05263157894736842"
"annorlunda","0.02631578947368421"
"chans","0.02631578947368421"
"ramdirektivets","0.02631578947368421"
"ligga","0.10526315789473684"
"enda","0.05263157894736842"
"odlingsföreskrifter","0.02631578947368421"
"alstras","0.02631578947368421"
"kommit","0.05263157894736842"
"råden","0.02631578947368421"
"tills","0.02631578947368421"
"oss'","0.02631578947368421"
"älgjägarna","0.02631578947368421"
"råder","0.07894736842105263"
"skriver","0.10526315789473684"
"stark","0.02631578947368421"
"journalisten","0.02631578947368421"
"spannmål","0.02631578947368421"
"avdragen","0.02631578947368421"
"många","0.8421052631578947"
"beräknas","0.02631578947368421"
"s. 218","0.02631578947368421"
"veckan","0.05263157894736842"
"precis","0.10526315789473684"
"förutom","0.05263157894736842"
"fungerar","0.15789473684210525"
"fungerat","0.05263157894736842"
"folket","0.05263157894736842"
"sverigedemokraterna","0.18421052631578946"
"30-50","0.02631578947368421"
"tillämpas","0.05263157894736842"
"tillämpat","0.02631578947368421"
"återigen","0.10526315789473684"
"starta","0.02631578947368421"
"fallen","0.05263157894736842"
"miljontals","0.07894736842105263"
"värdelöst","0.02631578947368421"
"kvaliteten","0.02631578947368421"
"kost","0.02631578947368421"
"lrf-ordförande","0.02631578947368421"
"oroande","0.02631578947368421"
"fallet","0.13157894736842105"
"djurskyddskrav","0.05263157894736842"
"befolkningen","0.05263157894736842"
"faller","0.02631578947368421"
"daniels","0.02631578947368421"
"ansökningar","0.07894736842105263"
"kulturhistoria","0.02631578947368421"
"veklighet","0.02631578947368421"
"hel","0.05263157894736842"
"hem","0.05263157894736842"
"kraftigt","0.02631578947368421"
"prata","0.05263157894736842"
"tvärvillkoren","0.21052631578947367"
"svårare","0.07894736842105263"
"motarbeta","0.02631578947368421"
"annat:","0.02631578947368421"
"statsråds","0.02631578947368421"
"annars","0.05263157894736842"
"frågorna","0.07894736842105263"
"citera","0.10526315789473684"
"nedrustade","0.02631578947368421"
"tydlighet","0.02631578947368421"
"liknande","0.02631578947368421"
"livsmedelsstrategier","0.02631578947368421"
"bidrar","0.15789473684210525"
"tillfrisknande","0.02631578947368421"
"sprider","0.02631578947368421"
"intentioner?","0.02631578947368421"
"grovt","0.02631578947368421"
"friluftsorganisationer","0.02631578947368421"
"januari","0.02631578947368421"
"parterna","0.02631578947368421"
"korrekt","0.07894736842105263"
"bönder","0.18421052631578946"
"principer","0.02631578947368421"
"svensk","0.2894736842105263"
"principen","0.02631578947368421"
"framkommer","0.02631578947368421"
"utveckling","0.13157894736842105"
"orimliga","0.02631578947368421"
"fusk","0.02631578947368421"
"kraftproduktionen","0.02631578947368421"
"karta","0.02631578947368421"
"vansinnigt","0.02631578947368421"
"klara","0.07894736842105263"
"införs","0.02631578947368421"
"medlemmar","0.02631578947368421"
"godkänns","0.02631578947368421"
"kräver","0.07894736842105263"
"landsbygdsbudget","0.02631578947368421"
"sammanhanget","0.10526315789473684"
"naturgödsel","0.02631578947368421"
"diskussion","0.07894736842105263"
"hjälpen","0.02631578947368421"
"regeringens","0.2894736842105263"
"150 000","0.05263157894736842"
"uppgifter","0.02631578947368421"
"stärkas","0.02631578947368421"
"där","0.631578947368421"
"vallodling","0.02631578947368421"
"motpartens","0.02631578947368421"
"acceptabel","0.02631578947368421"
"klart","0.02631578947368421"
"möjligheten","0.05263157894736842"
"beroende","0.07894736842105263"
"anta","0.02631578947368421"
"verksamhetskrav","0.02631578947368421"
"bakom","0.05263157894736842"
"kommun","0.13157894736842105"
"sjöar","0.02631578947368421"
"möjligheter","0.05263157894736842"
"stockholms","0.02631578947368421"
"hänvisning","0.02631578947368421"
"namnet","0.02631578947368421"
"formulerar","0.02631578947368421"
"ministerns","0.10526315789473684"
"styrning","0.10526315789473684"
"skälen","0.05263157894736842"
"titt","0.02631578947368421"
"skälet","0.02631578947368421"
"tryggt","0.02631578947368421"
"poliska","0.02631578947368421"
"dag","0.6578947368421053"
"koncentrerad","0.02631578947368421"
"likhet","0.02631578947368421"
"paritet","0.02631578947368421"
"viltförvaltningsdelegationerna","0.02631578947368421"
"skjuter","0.02631578947368421"
"motivera","0.02631578947368421"
"belastade","0.05263157894736842"
"praktisk","0.15789473684210525"
"tillstånd","0.10526315789473684"
"tandlösa","0.02631578947368421"
"sammanhang","0.02631578947368421"
"fantastisk","0.02631578947368421"
"gjordes","0.02631578947368421"
"visserligen","0.07894736842105263"
"ambitionshöjningar","0.02631578947368421"
"tänka","0.02631578947368421"
"sektor","0.02631578947368421"
"punkterna","0.02631578947368421"
"tack","0.07894736842105263"
"liten","0.07894736842105263"
"vattenverksamheter","0.02631578947368421"
"snarare","0.34210526315789475"
"straffskatteförslag","0.02631578947368421"
"enig","0.02631578947368421"
"formar","0.02631578947368421"
"påpekar","0.05263157894736842"
"närområden","0.02631578947368421"
"närområdet","0.10526315789473684"
"utnyttja","0.02631578947368421"
"lämna","0.02631578947368421"
"tomrum","0.02631578947368421"
"åtgärdsprogram","0.05263157894736842"
"medarbetaren","0.07894736842105263"
"medvetet","0.02631578947368421"
"chansen","0.05263157894736842"
"såsom","0.02631578947368421"
"signaler","0.05263157894736842"
"saken","0.05263157894736842"
"exempelvis","0.18421052631578946"
"saker","0.10526315789473684"
"medveten","0.05263157894736842"
"sätta","0.02631578947368421"
"hänvisat","0.02631578947368421"
"missförhållandena","0.02631578947368421"
"länder","0.10526315789473684"
"eventuellt","0.02631578947368421"
"bild","0.07894736842105263"
"höstas","0.05263157894736842"
"röster","0.02631578947368421"
"synnerligen","0.05263157894736842"
"presenterat","0.02631578947368421"
"begått","0.02631578947368421"
"bemötande","0.02631578947368421"
"presenterar","0.02631578947368421"
"mikael","0.02631578947368421"
"lantbruk","0.07894736842105263"
"hekto","0.02631578947368421"
"resurskrävande","0.02631578947368421"
"gödselskatten","0.05263157894736842"
"process","0.02631578947368421"
"skydd","0.05263157894736842"
"riskerar","0.10526315789473684"
"stödsystemet","0.02631578947368421"
"marginellt?","0.02631578947368421"
"suttit","0.02631578947368421"
"koncentration","0.02631578947368421"
"tiden","0.05263157894736842"
"odlingen","0.02631578947368421"
"vidare","0.07894736842105263"
"komplext","0.02631578947368421"
"fokuseringen","0.05263157894736842"
"omfattning","0.02631578947368421"
"enhetlig","0.02631578947368421"
"rättsstat","0.02631578947368421"
"kostnad","0.07894736842105263"
"dlo-folk","0.02631578947368421"
"förkastar","0.02631578947368421"
"del","0.42105263157894735"
"den","3.236842105263158"
"dem","0.13157894736842105"
"insikter","0.02631578947368421"
"består","0.05263157894736842"
"det","13.368421052631579"
"miljöarbete","0.02631578947368421"
"orsakar","0.02631578947368421"
"länken","0.02631578947368421"
"noterar","0.07894736842105263"
"skicka","0.05263157894736842"
"underhålls-","0.02631578947368421"
"säkerställa","0.05263157894736842"
"ståhl","0.05263157894736842"
"pass","0.02631578947368421"
"inför","0.02631578947368421"
"skatter","0.15789473684210525"
"otrolig","0.02631578947368421"
"produktion","0.2631578947368421"
"intervjustudien","0.02631578947368421"
"strukit","0.02631578947368421"
"välkommet","0.02631578947368421"
"säkerställs","0.02631578947368421"
"förlängningen","0.02631578947368421"
"provtagning","0.05263157894736842"
"viltförvaltningsdelegation","0.02631578947368421"
"delprocess","0.02631578947368421"
"sverige","0.868421052631579"
"småföretagandet","0.02631578947368421"
"storlek","0.02631578947368421"
"pålagor","0.02631578947368421"
"allvarligaste","0.02631578947368421"
"backaundantaget","0.02631578947368421"
"organ","0.07894736842105263"
"fick","0.18421052631578946"
"annan","0.10526315789473684"
"bakvänt","0.02631578947368421"
"hon","0.23684210526315788"
"moderaternas","0.02631578947368421"
"delarna","0.02631578947368421"
"krångliga","0.02631578947368421"
"345 000","0.02631578947368421"
"nödvändig","0.02631578947368421"
"analysarbete","0.05263157894736842"
"15-20","0.02631578947368421"
"olyckligt","0.05263157894736842"
"resultatet","0.05263157894736842"
"jättesatsning","0.02631578947368421"
"skär","0.05263157894736842"
"punkt","0.07894736842105263"
"delvis","0.02631578947368421"
"tidigare","0.23684210526315788"
"skäl","0.15789473684210525"
"spara","0.02631578947368421"
"underhåll","0.02631578947368421"
"annat","0.23684210526315788"
"säger","0.34210526315789475"
"generationsväxlingen","0.02631578947368421"
"implementering","0.02631578947368421"
"uppmärksammade","0.05263157894736842"
"också","1.1578947368421053"
"flyktinglägren","0.05263157894736842"
"känna","0.05263157894736842"
"åsikten","0.02631578947368421"
"kallade","0.15789473684210525"
"sträva","0.02631578947368421"
"skrala","0.02631578947368421"
"avgörande","0.02631578947368421"
"värde","0.02631578947368421"
"kommentera","0.05263157894736842"
"försvarsförmågan","0.02631578947368421"
"trängselskatten","0.02631578947368421"
"importerat","0.02631578947368421"
"skyddsformerna","0.02631578947368421"
"vargreviren","0.02631578947368421"
"juni","0.02631578947368421"
"700","0.02631578947368421"
"transporter","0.02631578947368421"
"under","0.6578947368421053"
"mina","0.07894736842105263"
"trängselskatter","0.05263157894736842"
"fördubblas","0.02631578947368421"
"enbart","0.10526315789473684"
"sammanfattar","0.02631578947368421"
"effektmässigt","0.02631578947368421"
"något","0.39473684210526316"
"snittet","0.02631578947368421"
"snedfördelning","0.02631578947368421"
"borgerliga","0.02631578947368421"
"bolagets","0.02631578947368421"
"mellan","0.23684210526315788"
"vattendraget","0.02631578947368421"
"träder","0.02631578947368421"
"myndigheter","0.18421052631578946"
"frustrerade","0.02631578947368421"
"inga","0.07894736842105263"
"myndigheten","0.05263157894736842"
"utrikesutskottet","0.02631578947368421"
"företagande","0.02631578947368421"
"tala","0.02631578947368421"
"helhetsperspektiv","0.02631578947368421"
"beviljade","0.02631578947368421"
"någon","0.5789473684210527"
"hög","0.05263157894736842"
"specifika","0.05263157894736842"
"konventionellt","0.02631578947368421"
"angrepp","0.02631578947368421"
"rådets","0.02631578947368421"
"helhetssynen","0.02631578947368421"
"hör","0.13157894736842105"
"yta","0.02631578947368421"
"tänker","0.10526315789473684"
"förut?</em>","0.02631578947368421"
"passar","0.02631578947368421"
"både","0.07894736842105263"
"lösning","0.02631578947368421"
"gemensamt","0.02631578947368421"
"båda","0.05263157894736842"
"nyttjar","0.02631578947368421"
"verksamhetens","0.02631578947368421"
"innebär","0.10526315789473684"
"besökte","0.02631578947368421"
"förvisso","0.02631578947368421"
"sitter","0.02631578947368421"
"vattenkraft","0.02631578947368421"
"51 miljoner","0.02631578947368421"
"livskraftigt","0.02631578947368421"
"tjänstemannastyre","0.02631578947368421"
"äga","0.02631578947368421"
"vattenforskarna","0.02631578947368421"
"bred","0.02631578947368421"
"påstått","0.02631578947368421"
"odlingsmarkerna","0.02631578947368421"
"asylskäl","0.02631578947368421"
"friluftslivets","0.05263157894736842"
"2011","0.02631578947368421"
"2010","0.02631578947368421"
"gjorde","0.05263157894736842"
"hjälp","0.07894736842105263"
"underligt","0.02631578947368421"
"förbittrade","0.02631578947368421"
"2009","0.02631578947368421"
"2008","0.05263157894736842"
"infrastrukturen","0.07894736842105263"
"skickas","0.02631578947368421"
"2006","0.02631578947368421"
"luddigt","0.02631578947368421"
"helheten","0.02631578947368421"
"tror","0.34210526315789475"
"inrikesflyg","0.02631578947368421"
"biståndet","0.02631578947368421"
"dåligt","0.07894736842105263"
"bland","0.34210526315789475"
"intäkterna","0.02631578947368421"
"737","0.02631578947368421"
"human","0.02631578947368421"
"just","0.2894736842105263"
"kontroller","0.02631578947368421"
"energikommissionen","0.05263157894736842"
"sviker","0.05263157894736842"
"legat","0.02631578947368421"
"inser","0.02631578947368421"
"redogörs","0.02631578947368421"
"avhjälpas","0.02631578947368421"
"släppte","0.02631578947368421"
"platserna","0.02631578947368421"
"översyn","0.02631578947368421"
"dlo","0.07894736842105263"
"förbättringsarbetet","0.02631578947368421"
"tillbaka","0.23684210526315788"
"toppolitiker","0.02631578947368421"
"annonserade","0.02631578947368421"
"frågor","0.2631578947368421"
"ja-beslut","0.02631578947368421"
"experter","0.02631578947368421"
"syriens","0.02631578947368421"
"areal","0.02631578947368421"
"2016","0.05263157894736842"
"material","0.02631578947368421"
"2015","0.05263157894736842"
"rättssäkra","0.02631578947368421"
"2014","0.02631578947368421"
"grann","0.05263157894736842"
"rikta","0.02631578947368421"
"aktuell","0.02631578947368421"
"majoritet","0.02631578947368421"
"blankt","0.02631578947368421"
"avdragssystem","0.02631578947368421"
"undan","0.05263157894736842"
"subventionerna","0.02631578947368421"
"antalet","0.02631578947368421"
"hur","1.0"
"ambitionen?","0.02631578947368421"
"bosätta","0.05263157894736842"
"speciell","0.02631578947368421"
"nyprövningar","0.05263157894736842"
"utnyttjats","0.02631578947368421"
"interpellationssvaret","0.07894736842105263"
"förståelse","0.05263157894736842"
"riktade","0.02631578947368421"
"omfattar","0.02631578947368421"
"nyckelfrågor","0.02631578947368421"
"näring","0.02631578947368421"
"beslutsordning","0.02631578947368421"
"<em>har","0.02631578947368421"
"finska","0.05263157894736842"
"individens","0.02631578947368421"
"skaraborg","0.05263157894736842"
"tiderna","0.02631578947368421"
"står:","0.02631578947368421"
"infrastrukturinvesteringar","0.02631578947368421"
"alliansregeringen","0.13157894736842105"
"kommunikationerna","0.02631578947368421"
"redovisa","0.02631578947368421"
"brev","0.02631578947368421"
"mitt","0.02631578947368421"
"livsmedelsstrategi","0.10526315789473684"
"vänsterpartiet","0.02631578947368421"
"uppenbar","0.02631578947368421"
"implementeringen","0.02631578947368421"
"upp","0.39473684210526316"
"berättade","0.02631578947368421"
"johan","0.05263157894736842"
"jordbruksverket","0.3684210526315789"
"uppenbarligen","0.05263157894736842"
"gärna","0.07894736842105263"
"remitterats","0.02631578947368421"
"klipp","0.02631578947368421"
"själv","0.15789473684210525"
"status","0.02631578947368421"
"viktiga","0.07894736842105263"
"miljökraven","0.02631578947368421"
"hundratals","0.02631578947368421"
"natur","0.02631578947368421"
"rapporterats","0.02631578947368421"
"några","0.3157894736842105"
"backaområdet","0.05263157894736842"
"tamdjur","0.02631578947368421"
"flesta","0.05263157894736842"
"2050","0.02631578947368421"
"bönder?","0.02631578947368421"
"utrymmena","0.02631578947368421"
"unionen","0.02631578947368421"
"mål","0.02631578947368421"
"maj","0.02631578947368421"
"följd","0.07894736842105263"
"förväg","0.02631578947368421"
"man","3.763157894736842"
"anslagsram","0.02631578947368421"
"viktigt","0.2631578947368421"
"älg","0.07894736842105263"
"följa","0.10526315789473684"
"miniminivåer","0.02631578947368421"
"värna","0.05263157894736842"
"mat","0.02631578947368421"
"avvägningar","0.05263157894736842"
"positiva","0.02631578947368421"
"2016?","0.05263157894736842"
"följs","0.05263157894736842"
"månader","0.02631578947368421"
"ingå","0.05263157894736842"
"främja","0.02631578947368421"
"300","0.10526315789473684"
"undersökning","0.07894736842105263"
"kultur-","0.02631578947368421"
"urholkningen","0.02631578947368421"
"sopa","0.05263157894736842"
"mjölkproduktionen","0.02631578947368421"
"belopp","0.02631578947368421"
"stjäl","0.02631578947368421"
"statsapparaten","0.02631578947368421"
"uppfattat","0.05263157894736842"
"allvaret","0.05263157894736842"
"uppfattar","0.02631578947368421"
"åhörare","0.02631578947368421"
"äganderätten","0.02631578947368421"
"etablissemanget","0.02631578947368421"
"energipolitiska","0.02631578947368421"
"georgien","0.05263157894736842"
"småföretag","0.02631578947368421"
"branschen","0.05263157894736842"
"analysarbetet","0.02631578947368421"
"dra","0.05263157894736842"
"nyprövningen","0.05263157894736842"
"död","0.07894736842105263"
"vända","0.02631578947368421"
"avkrävas","0.02631578947368421"
"kammaren","0.05263157894736842"
"internationell","0.07894736842105263"
"fina","0.02631578947368421"
"fattade","0.02631578947368421"
"vilka","0.10526315789473684"
"vilja","0.05263157894736842"
"regelverket","0.05263157894736842"
"skilja","0.02631578947368421"
"rättssystem","0.02631578947368421"
"vågskålen","0.02631578947368421"
"utsträckning","0.07894736842105263"
"generaldirektör","0.02631578947368421"
"ute","0.13157894736842105"
"film","0.02631578947368421"
"inne","0.02631578947368421"
"hämtas","0.02631578947368421"
"intensivt","0.05263157894736842"
"deras","0.18421052631578946"
"samband","0.02631578947368421"
"konkurrenskraften","0.05263157894736842"
"position","0.02631578947368421"
"definitivt","0.02631578947368421"
"frågeställningar","0.02631578947368421"
"gröna","0.07894736842105263"
"konstatera","0.02631578947368421"
"från","1.3421052631578947"
"sådana","0.02631578947368421"
"försvarspolitiker","0.02631578947368421"
"jordbruksproduktionen","0.02631578947368421"
"fram","0.39473684210526316"
"utformat","0.02631578947368421"
"med","3.6052631578947367"
"flyktingmottagande","0.02631578947368421"
"eller","1.0789473684210527"
"vägslitageavgift","0.02631578947368421"
"sådant","0.13157894736842105"
"låter","0.05263157894736842"
"fanns","0.21052631578947367"
"värja","0.05263157894736842"
"kärnverksamheten","0.02631578947368421"
"stånd","0.05263157894736842"
"men","1.9736842105263157"
"titta","0.10526315789473684"
"hasardspel","0.02631578947368421"
"mer","0.5263157894736842"
"stampar","0.02631578947368421"
"beta","0.02631578947368421"
"djurskydd","0.02631578947368421"
"nivåer","0.05263157894736842"
"prestationer","0.02631578947368421"
"investeringar","0.10526315789473684"
"processen","0.05263157894736842"
"skedde","0.02631578947368421"
"är:","0.05263157894736842"
"styrda","0.02631578947368421"
"jätteviktigt;","0.02631578947368421"
"fundera","0.02631578947368421"
"minnet","0.05263157894736842"
"tackar","0.21052631578947367"
"vattendirektivet","0.13157894736842105"
"inom","0.23684210526315788"
"strandskydd","0.05263157894736842"
"förbifart","0.05263157894736842"
"brukarna","0.02631578947368421"
"förslag?","0.02631578947368421"
"utnyttjades","0.05263157894736842"
"sammelsurium","0.02631578947368421"
"wagers","0.02631578947368421"
"uttala","0.02631578947368421"
"jordanien","0.07894736842105263"
"miljöpartiets","0.02631578947368421"
"storstadsregionerna","0.02631578947368421"
"stäv","0.02631578947368421"
"inse","0.02631578947368421"
"globalt","0.02631578947368421"
"liksom","0.10526315789473684"
"anslagen","0.07894736842105263"
"avsättas","0.02631578947368421"
"medeltiden","0.02631578947368421"
"reseavdrag","0.02631578947368421"
"knappast","0.15789473684210525"
"frågan?","0.02631578947368421"
"skeptisk","0.02631578947368421"
"betydligt","0.07894736842105263"
"växtföljder","0.02631578947368421"
"ära","0.02631578947368421"
"sökande","0.10526315789473684"
"omkring","0.05263157894736842"
"inlägg","0.05263157894736842"
"milersättning","0.02631578947368421"
"mycket","0.4473684210526316"
"allra","0.13157894736842105"
"stick","0.02631578947368421"
"energikommissionens","0.07894736842105263"
"natten","0.05263157894736842"
"teoretiska","0.02631578947368421"
"bestämd","0.02631578947368421"
"kapitalförsörjning","0.02631578947368421"
"10","0.02631578947368421"
"upplevs","0.02631578947368421"
"talman","1.236842105263158"
"beskriva","0.02631578947368421"
"miljöersättning","0.02631578947368421"
"15","0.07894736842105263"
"slutändan","0.02631578947368421"
"landsbygden","0.39473684210526316"
"1:","0.02631578947368421"
"globala","0.02631578947368421"
"stöden","0.05263157894736842"
"företrädare","0.05263157894736842"
"överklaga","0.07894736842105263"
"miljö","0.07894736842105263"
"behandla","0.02631578947368421"
"regeringsförklaringen","0.02631578947368421"
"beakta","0.02631578947368421"
"stödet","0.02631578947368421"
"bestämt","0.02631578947368421"
"osthyvel","0.02631578947368421"
"resonemang","0.07894736842105263"
"göra?","0.02631578947368421"
"återinförd","0.02631578947368421"
"mängd","0.05263157894736842"
"komplettera","0.02631578947368421"
"utökas","0.02631578947368421"
"göteborgsområdet","0.02631578947368421"
"20","0.13157894736842105"
"utökar","0.02631578947368421"
"länsstyrelsens","0.07894736842105263"
"sammanfattningen","0.05263157894736842"
"25","0.07894736842105263"
"samhällsnytta","0.02631578947368421"
"främst","0.13157894736842105"
"2:","0.02631578947368421"
"göras","0.07894736842105263"
"mig","0.39473684210526316"
"global","0.02631578947368421"
"allvar","0.07894736842105263"
"danielssons","0.02631578947368421"
"gamla","0.07894736842105263"
"mil","0.02631578947368421"
"biståndsbudgeten","0.15789473684210525"
"min","0.47368421052631576"
"söker","0.02631578947368421"
"styleref","0.2631578947368421"
"ställa","0.13157894736842105"
"rättssäkerhetsprincip","0.02631578947368421"
"samhällsintressen","0.02631578947368421"
"industri","0.02631578947368421"
"skogsbruk","0.02631578947368421"
"verklighetsfrånvända","0.02631578947368421"
"30","0.05263157894736842"
"ansvarslöshet","0.02631578947368421"
"31","0.02631578947368421"
"efter","0.05263157894736842"
"västra","0.13157894736842105"
"flaggat","0.05263157894736842"
"godtycklig","0.02631578947368421"
"möta","0.02631578947368421"
"myndigheterna","0.07894736842105263"
"strategier","0.02631578947368421"
"landsbygdspolitik","0.05263157894736842"
"medlemsland","0.02631578947368421"
"inte","4.5"
"flyktingpolitik","0.02631578947368421"
"3:","0.02631578947368421"
"informationsinsatser","0.02631578947368421"
"sticket","0.02631578947368421"
"380","0.02631578947368421"
"talk'","0.05263157894736842"
"trovärdigt","0.02631578947368421"
"drygt","0.05263157894736842"
"vargrevir","0.05263157894736842"
"allemansrätten","0.05263157894736842"
"ambitioner","0.02631578947368421"
"tjänstemän","0.05263157894736842"
"griskris","0.02631578947368421"
"mjölkkor","0.07894736842105263"
"ställt","0.02631578947368421"
"står","0.10526315789473684"
"reglerna","0.13157894736842105"
"stam","0.02631578947368421"
"tampas","0.02631578947368421"
"felaktigheter","0.07894736842105263"
"överlåtit","0.02631578947368421"
"följande","0.02631578947368421"
"bara","0.4473684210526316"
"talar","0.3684210526315789"
"talas","0.02631578947368421"
"uppfylla","0.05263157894736842"
"regelbundet","0.07894736842105263"
"internrapport","0.02631578947368421"
"bjuder","0.02631578947368421"
"snabba","0.07894736842105263"
"ägnat","0.02631578947368421"
"svealand","0.05263157894736842"
"intentionen","0.02631578947368421"
"skuggbudget","0.02631578947368421"
"intentioner","0.02631578947368421"
"acceptera","0.02631578947368421"
"säkerhetspolitiskt","0.02631578947368421"
"lägger","0.10526315789473684"
"försvarsplanering","0.02631578947368421"
"slags","0.05263157894736842"
"barn","0.02631578947368421"
"tydliga","0.21052631578947367"
"fortsätta","0.07894736842105263"
"gårdsstöd","0.02631578947368421"
"positivt","0.05263157894736842"
"sysselsättningen","0.02631578947368421"
"strandskydd?","0.05263157894736842"
"dörren","0.02631578947368421"
"effektiviteten","0.05263157894736842"
"berör","0.05263157894736842"
"betalar","0.02631578947368421"
"miggorna","0.02631578947368421"
"innehåller","0.02631578947368421"
"försvarspolitik","0.02631578947368421"
"högre","0.13157894736842105"
"tydligt","0.05263157894736842"
"problematiskt","0.05263157894736842"
"använda","0.02631578947368421"
"pågår","0.05263157894736842"
"mått","0.05263157894736842"
"remisskritik","0.02631578947368421"
"lantbrukarna?","0.02631578947368421"
"trängselskattens","0.02631578947368421"
"längre","0.05263157894736842"
"välstånd","0.05263157894736842"
"uppfyllt","0.02631578947368421"
"näringsverksamhet","0.02631578947368421"
"föreslog","0.05263157894736842"
"60","0.02631578947368421"
"medborgare","0.02631578947368421"
"överträdelser","0.02631578947368421"
"jätteproblem","0.02631578947368421"
"överträdelsen","0.02631578947368421"
"åtminstone","0.07894736842105263"
"överkoncentration","0.02631578947368421"
"bottensediment?","0.02631578947368421"
"s. 5","0.02631578947368421"
"hittills","0.02631578947368421"
"42 000","0.02631578947368421"
"gjorts","0.02631578947368421"
"ligger","0.23684210526315788"
"landsbygdsbefolkning","0.02631578947368421"
"olika","0.4473684210526316"
"signalpolitik","0.02631578947368421"
"näringarna","0.02631578947368421"
"nära","0.05263157894736842"
"beskrivs","0.02631578947368421"
"geografi","0.02631578947368421"
"intresse","0.02631578947368421"
"70","0.05263157894736842"
"finns","1.7894736842105263"
"livsmedelsförsörjning?","0.02631578947368421"
"däribland","0.02631578947368421"
"eu-förordningar","0.02631578947368421"
"asyl","0.02631578947368421"
"anklaga","0.02631578947368421"
"rysk","0.05263157894736842"
"kammare","0.05263157894736842"
"växtföljd","0.05263157894736842"
"8)","0.02631578947368421"
"gjort","0.23684210526315788"
"fortfarande","0.18421052631578946"
"steg","0.02631578947368421"
"80","0.05263157894736842"
"eftersom","0.21052631578947367"
"väg","0.02631578947368421"
"representanterna","0.02631578947368421"
"landsbygdsdepartementet","0.02631578947368421"
"aktörerna","0.02631578947368421"
"riktigt","0.13157894736842105"
"dryftat","0.02631578947368421"
"eu14","0.02631578947368421"
"lean-coacherna","0.02631578947368421"
"mark","0.02631578947368421"
"väl","0.34210526315789475"
"tillståndet","0.02631578947368421"
"kostnaden","0.05263157894736842"
"sällan","0.05263157894736842"
"åsyftas","0.02631578947368421"
"defensiva","0.05263157894736842"
"ordning","0.02631578947368421"
"föreslås","0.02631578947368421"
"föreslår","0.05263157894736842"
"kostnader","0.3157894736842105"
"relation","0.02631578947368421"
"dessvärre","0.02631578947368421"
"mot","0.2894736842105263"
"otydliga?","0.02631578947368421"
"vad","0.6052631578947368"
"tuffa","0.02631578947368421"
"jordarna","0.02631578947368421"
"tamboskap","0.02631578947368421"
"politik","0.21052631578947367"
"97","0.02631578947368421"
"val","0.02631578947368421"
"vår","0.23684210526315788"
"verksamhet","0.13157894736842105"
"försvara","0.05263157894736842"
"var","0.7368421052631579"
"beror","0.02631578947368421"
"omröstningen","0.02631578947368421"
"önskvärt","0.02631578947368421"
"utskott","0.02631578947368421"
"skriva","0.02631578947368421"
"bindande","0.02631578947368421"
"förgröningsstödet","0.13157894736842105"
"denna","0.18421052631578946"
"finna","0.02631578947368421"
"staten","0.02631578947368421"
"fokus","0.23684210526315788"
"näringspolitiken","0.02631578947368421"
"företagen","0.05263157894736842"
"gammalt","0.02631578947368421"
"oavsett","0.15789473684210525"
"vattenflöde","0.02631578947368421"
"förmån","0.02631578947368421"
"blivit","0.05263157894736842"
"risken","0.05263157894736842"
"landets","0.02631578947368421"
"motivering","0.02631578947368421"
"attraktiva","0.02631578947368421"
"centerpartiet","0.02631578947368421"
"djupt","0.02631578947368421"
"diesel","0.02631578947368421"
"möjligheterna","0.05263157894736842"
"rapporterade","0.02631578947368421"
"bryr","0.02631578947368421"
"följande:","0.05263157894736842"
"föra","0.05263157894736842"
"skällde","0.02631578947368421"
"fall","0.2894736842105263"
"landskap","0.02631578947368421"
"lägsta","0.02631578947368421"
"3 000","0.02631578947368421"
"gruppen","0.02631578947368421"
"tydlig","0.07894736842105263"
"europa","0.07894736842105263"
"orsaka","0.05263157894736842"
"huruvida","0.02631578947368421"
"utöka","0.07894736842105263"
"foten","0.02631578947368421"
"lämplig","0.02631578947368421"
"fajt","0.05263157894736842"
"ingenting","0.05263157894736842"
"användningen","0.02631578947368421"
"beskatta","0.02631578947368421"
"aldrig","0.05263157894736842"
"oscarsson","0.02631578947368421"
"lyssnat","0.02631578947368421"
"insatserna","0.02631578947368421"
"snabbt","0.07894736842105263"
"säkerhetspolitiska","0.05263157894736842"
"lyssnar","0.07894736842105263"
"inträdet","0.02631578947368421"
"tilltro","0.02631578947368421"
"kommer?","0.02631578947368421"
"12,9","0.02631578947368421"
"runt","0.18421052631578946"
"prioriteringar","0.07894736842105263"
"tillgången","0.02631578947368421"
"genomförda","0.02631578947368421"
"slåss","0.02631578947368421"
"plötsligt","0.02631578947368421"
"finansdepartementet","0.02631578947368421"
"närmast","0.02631578947368421"
"uttalanden","0.05263157894736842"
"struktur","0.02631578947368421"
"samarbeten","0.02631578947368421"
"heller","0.07894736842105263"
"återbetala","0.02631578947368421"
"ryggrad","0.02631578947368421"
"djurintensitet","0.02631578947368421"
"tanken?","0.02631578947368421"
"alldeles","0.02631578947368421"
"förvaltar","0.02631578947368421"
"europeiska","0.02631578947368421"
"åtagande","0.02631578947368421"
"vem","0.07894736842105263"
"fört","0.02631578947368421"
"bytts","0.02631578947368421"
"förr","0.02631578947368421"
"säkerligen","0.02631578947368421"
"vet","0.18421052631578946"
"årsskiftet","0.02631578947368421"
"stoppa","0.02631578947368421"
"järnvägen","0.02631578947368421"
"markägarna","0.02631578947368421"
"systemet?","0.02631578947368421"
"anledning","0.02631578947368421"
"annanstans","0.02631578947368421"
"dieselskatterna","0.02631578947368421"
"sakkunniga","0.05263157894736842"
"småskalig","0.02631578947368421"
"närmare","0.07894736842105263"
"lättförståeligt","0.02631578947368421"
"folkomröstningen","0.05263157894736842"
"kalkfilterdiken","0.02631578947368421"
"växtodlingsplanen","0.02631578947368421"
"skogsbruket","0.02631578947368421"
"allvarligt","0.02631578947368421"
"funktionell","0.02631578947368421"
"landsbygdsministern","0.9210526315789473"
"överträdelse","0.05263157894736842"
"ägare","0.02631578947368421"
"fått","0.13157894736842105"
"spannmålsodling","0.02631578947368421"
"bästa","0.07894736842105263"
"föroreningar","0.02631578947368421"
"innebörden","0.02631578947368421"
"folkets","0.02631578947368421"
"hållbarhet","0.02631578947368421"
"grundfrågan","0.02631578947368421"
"parameter","0.02631578947368421"
"kärnkraften","0.07894736842105263"
"åkermark","0.02631578947368421"
"riktningen","0.02631578947368421"
"mjölkland","0.02631578947368421"
"flyktingläger?","0.02631578947368421"
"migrationsministern","0.02631578947368421"
"fosfor","0.02631578947368421"
"dammar","0.02631578947368421"
"karaktären","0.02631578947368421"
"nedmonterat","0.02631578947368421"
"friluftslivet","0.13157894736842105"
"jakten","0.02631578947368421"
"källor","0.02631578947368421"
"enprocentsmålet","0.05263157894736842"
"anders","0.02631578947368421"
"helhetsansvar","0.02631578947368421"
"frågan:","0.02631578947368421"
"strukturkalkning","0.05263157894736842"
"miljöförbättring?","0.02631578947368421"
"vallinsådd","0.02631578947368421"
"bjuda","0.02631578947368421"
"jordbrukspolitiken","0.02631578947368421"
"publicerade","0.02631578947368421"
"jordart","0.02631578947368421"
"gemensamma","0.02631578947368421"
"notan","0.02631578947368421"
"läget","0.10526315789473684"
"eu:s","0.10526315789473684"
"uppvärmningsbränslen","0.02631578947368421"
"medskick","0.05263157894736842"
"via","0.10526315789473684"
"råd","0.05263157894736842"
"vid","0.18421052631578946"
"saila","0.05263157894736842"
"dygn","0.02631578947368421"
"konstaterar","0.02631578947368421"
"konstaterat","0.02631578947368421"
"näringarnas","0.05263157894736842"
"tyckte","0.02631578947368421"
"diskutera","0.13157894736842105"
"bemöter","0.02631578947368421"
"svarade","0.02631578947368421"
"försvarsministern?","0.02631578947368421"
"sorts","0.05263157894736842"
"debattörerna","0.02631578947368421"
"tvärvillkorsavdrag","0.02631578947368421"
"vis","0.02631578947368421"
"någonstans","0.05263157894736842"
"bearbetningar","0.02631578947368421"
"gräva","0.02631578947368421"
"passa","0.05263157894736842"
"genomfört","0.13157894736842105"
"vittnat","0.02631578947368421"
"innan","0.07894736842105263"
"kraft","0.02631578947368421"
"stor","0.39473684210526316"
"landsbygdsdepartement","0.02631578947368421"
"tillväxt","0.05263157894736842"
"enskilde","0.05263157894736842"
"vattenmyndigheternas","0.05263157894736842"
"formuleringen","0.02631578947368421"
"hantering","0.02631578947368421"
"enskilda","0.3157894736842105"
"decentraliseringen","0.02631578947368421"
"samtidigt","0.3157894736842105"
"påtvingas","0.02631578947368421"
"debatten","0.07894736842105263"
"forsell","0.02631578947368421"
"akta","0.02631578947368421"
"fisketurism","0.02631578947368421"
"påbörjats","0.02631578947368421"
"större","0.2894736842105263"
"protestera","0.02631578947368421"
"tenderar","0.02631578947368421"
"teori","0.02631578947368421"
"miljöministern","0.34210526315789475"
"utredningar","0.10526315789473684"
"flyktingar","0.07894736842105263"
"såväl","0.10526315789473684"
"återförsälja","0.02631578947368421"
"genomförs","0.07894736842105263"
"friheten","0.02631578947368421"
"bjöd","0.02631578947368421"
"massor","0.02631578947368421"
"otrygghet","0.02631578947368421"
"verkligheten","0.2894736842105263"
"miniminivå","0.02631578947368421"
"ställdes","0.02631578947368421"
"jaga","0.02631578947368421"
"södermanland","0.02631578947368421"
"spelar","0.02631578947368421"
"akut","0.02631578947368421"
"20-miljardersklassen","0.02631578947368421"
"föråldrad","0.02631578947368421"
"störst","0.05263157894736842"
"kärnkraftsreaktor","0.02631578947368421"
"slår","0.07894736842105263"
"fast","0.10526315789473684"
"hemsida","0.02631578947368421"
"jordbearbetning","0.02631578947368421"
"någonting","0.2631578947368421"
"stöd","0.10526315789473684"
"fokusering","0.02631578947368421"
"sättet","0.02631578947368421"
"hemsk","0.02631578947368421"
"fortsätter","0.02631578947368421"
"lagrat","0.02631578947368421"
"bekymrad","0.02631578947368421"
"rätt","0.13157894736842105"
"påbörjat","0.02631578947368421"
"tvungen","0.05263157894736842"
"lirka","0.02631578947368421"
"förbittringen","0.02631578947368421"
"havs-","0.05263157894736842"
"togs","0.02631578947368421"
"förneka","0.02631578947368421"
"understryka","0.05263157894736842"
"duger","0.05263157894736842"
"värden","0.07894736842105263"
"råskällt","0.02631578947368421"
"procentuellt","0.02631578947368421"
"yngwe","0.02631578947368421"
"livsmedelsproduktionen","0.02631578947368421"
"avstannar","0.02631578947368421"
"borde","0.21052631578947367"
"sportutövande","0.02631578947368421"
"660 000","0.02631578947368421"
"ämnad","0.02631578947368421"
"läget?","0.02631578947368421"
"biståndsbudgeten?","0.02631578947368421"
"13 procent","0.02631578947368421"
"miljard","0.07894736842105263"
"effekt","0.05263157894736842"
"tveksamma","0.02631578947368421"
"bekostnad","0.02631578947368421"
"vattendelegationerna","0.07894736842105263"
"miljöförbättrande","0.13157894736842105"
"flytta","0.02631578947368421"
"kritiska","0.02631578947368421"
"behov","0.13157894736842105"
"rapporter","0.05263157894736842"
"rapporten","0.02631578947368421"
"länderna","0.02631578947368421"
"vattennivå","0.02631578947368421"
"kväveläckaget","0.02631578947368421"
"strömkraftverk","0.02631578947368421"
"konsekvens","0.02631578947368421"
"konsekvent","0.02631578947368421"
"väder","0.02631578947368421"
"inblandade","0.02631578947368421"
"värmland","0.34210526315789475"
"energislag","0.05263157894736842"
"komma","0.15789473684210525"
"påverka","0.13157894736842105"
"landsbygdsbygdens","0.02631578947368421"
"stärka","0.13157894736842105"
"eftersatt","0.02631578947368421"
"företag","0.07894736842105263"
"öka","0.13157894736842105"
"riksdagen","0.05263157894736842"
"lägga","0.2894736842105263"
"gårdar","0.05263157894736842"
"avbräck","0.02631578947368421"
"aktörer","0.02631578947368421"
"tagit","0.02631578947368421"
"vargens","0.02631578947368421"
"medan","0.05263157894736842"
"ena","0.05263157894736842"
"vissa","0.23684210526315788"
"4 000","0.05263157894736842"
"bryter","0.02631578947368421"
"egen","0.05263157894736842"
"målmedvetet","0.02631578947368421"
"behjärtansvärt","0.02631578947368421"
"ens","0.10526315789473684"
"djurskyddet","0.02631578947368421"
"kunskap","0.02631578947368421"
"universitet","0.02631578947368421"
"tolka","0.02631578947368421"
"intressenter","0.02631578947368421"
"fundering","0.05263157894736842"
"beklagligt","0.07894736842105263"
"reglerar","0.02631578947368421"
"interpellation","0.18421052631578946"
"ganska","0.2894736842105263"
"åka","0.05263157894736842"
"gick","0.05263157894736842"
"punkten","0.02631578947368421"
"när","1.131578947368421"
"punkter","0.02631578947368421"
"avgör","0.02631578947368421"
"miljöregler","0.02631578947368421"
"analogi","0.02631578947368421"
"investeringskostnader","0.02631578947368421"
"samhället","0.05263157894736842"
"försvinna","0.02631578947368421"
"storstaden","0.02631578947368421"
"bedömningar","0.02631578947368421"
"konkurrenskraft","0.23684210526315788"
"hamnar","0.02631578947368421"
"förstärker","0.02631578947368421"
"styr","0.10526315789473684"
"advokater","0.02631578947368421"
"farliga","0.02631578947368421"
"rik","0.02631578947368421"
"regionens","0.02631578947368421"
"når","0.02631578947368421"
"blogginlägg","0.02631578947368421"
"beläggas","0.02631578947368421"
"samverkansrådet","0.02631578947368421"
"utfallet","0.02631578947368421"
"produktionen","0.07894736842105263"
"handla","0.02631578947368421"
"nedrusta","0.02631578947368421"
"nyprövning","0.05263157894736842"
"tillgång","0.02631578947368421"
"levande","0.02631578947368421"
"höger","0.02631578947368421"
"tvärvillkorsområdet","0.02631578947368421"
"försämringar","0.02631578947368421"
"empatisk","0.02631578947368421"
"märkligt","0.10526315789473684"
"floskler","0.02631578947368421"
"system","0.07894736842105263"
"andel","0.05263157894736842"
"lönsamt","0.02631578947368421"
"gödsling","0.02631578947368421"
"lyssnade","0.07894736842105263"
"ställde","0.10526315789473684"
"mjölkfakta","0.02631578947368421"
"finnas","0.18421052631578946"
"pelare","0.02631578947368421"
"konkreta","0.05263157894736842"
"tunga","0.02631578947368421"
"tillståndsförfarande","0.02631578947368421"
"vecka","0.05263157894736842"
"optimism","0.02631578947368421"
"livsmedelsproduktion","0.02631578947368421"
"finansiera","0.10526315789473684"
"stället","0.15789473684210525"
"bekosta","0.10526315789473684"
"regler","0.05263157894736842"
"hemma","0.05263157894736842"
"ställer","0.05263157894736842"
"lärande","0.07894736842105263"
"ytterst","0.05263157894736842"
"regeringar","0.02631578947368421"
"ingångsvärden","0.07894736842105263"
"era","0.02631578947368421"
"närområde","0.02631578947368421"
"löpande","0.02631578947368421"
"uppföljning","0.02631578947368421"
"uppgift","0.02631578947368421"
"mängder","0.05263157894736842"
"medel","0.05263157894736842"
"näringsliv","0.02631578947368421"
"väldigt","0.39473684210526316"
"aspekter","0.02631578947368421"
"satsningar","0.02631578947368421"
"aspekten","0.02631578947368421"
"stilla","0.02631578947368421"
"miljökvalitetsmålen","0.02631578947368421"
"ursprungsförslaget","0.02631578947368421"
"acceptabelt","0.02631578947368421"
"trettiotal","0.02631578947368421"
"bortblåst","0.02631578947368421"
"hundratusentals","0.02631578947368421"
"justera","0.02631578947368421"
"älgar","0.07894736842105263"
"betonar","0.05263157894736842"
"avbryta","0.02631578947368421"
"omsätter","0.02631578947368421"
"naturligtvis","0.07894736842105263"
"intervjustudie","0.05263157894736842"
"enstaka","0.05263157894736842"
"miljönyttan","0.07894736842105263"
"eskilandersson","0.02631578947368421"
"kust","0.02631578947368421"
"kompensationsbidraget","0.02631578947368421"
"bönderna","0.10526315789473684"
"åkermarken","0.02631578947368421"
"investeringsstöd","0.02631578947368421"
"slutsats","0.02631578947368421"
"debatterna","0.02631578947368421"
"justitie-","0.02631578947368421"
"honom","0.02631578947368421"
"ändra","0.02631578947368421"
"ned","0.21052631578947367"
"mergeformat","0.2631578947368421"
"frivilligt","0.02631578947368421"
"näringsutskottet","0.05263157894736842"
"ointresse","0.02631578947368421"
"nej","0.05263157894736842"
"rekommendationer","0.02631578947368421"
"åtgärdsprogrammet:","0.02631578947368421"
"såklart","0.05263157894736842"
"berättelserna","0.02631578947368421"
"norden","0.05263157894736842"
"nyttigheter","0.02631578947368421"
"förödande","0.02631578947368421"
"socialdemokratiska","0.02631578947368421"
"hinner","0.13157894736842105"
"pekar","0.02631578947368421"
"friskaste","0.02631578947368421"
"all","0.02631578947368421"
"trafikutskottet","0.02631578947368421"
"ett","2.3421052631578947"
"kvävefixerande","0.02631578947368421"
"åtgärd","0.02631578947368421"
"tesdriven","0.02631578947368421"
"funktionella","0.02631578947368421"
"påstår","0.02631578947368421"
"brottas","0.02631578947368421"
"framtidstro","0.02631578947368421"
"linje","0.10526315789473684"
"år?","0.05263157894736842"
"klaras","0.02631578947368421"
"sidor","0.05263157894736842"
"klarar","0.05263157894736842"
"svenska","0.8947368421052632"
"nöjd","0.02631578947368421"
"finner","0.07894736842105263"
"försäkra","0.02631578947368421"
"aktiv","0.02631578947368421"
"grund","0.21052631578947367"
"skatter:","0.02631578947368421"
"migrationsverket","0.3684210526315789"
"koncentrationen","0.05263157894736842"
"ösa","0.02631578947368421"
"tydliggöra","0.05263157894736842"
"försvarsministerns","0.02631578947368421"
"skatter?","0.02631578947368421"
"allihop","0.02631578947368421"
"50 miljoner","0.02631578947368421"
"valde","0.07894736842105263"
"förhållande","0.05263157894736842"
"järnvägslösning","0.02631578947368421"
"meters","0.07894736842105263"
"högsta","0.10526315789473684"
"miljöåtgärder","0.05263157894736842"
"ana","0.02631578947368421"
"dumt","0.02631578947368421"
"ansvaret","0.02631578947368421"
"svenskt","0.18421052631578946"
"utbildningsutskott","0.02631578947368421"
"funktionellt","0.02631578947368421"
"förbjudits","0.02631578947368421"
"självt","0.02631578947368421"
"investerade","0.02631578947368421"
"års","0.02631578947368421"
"klimatpåverkan","0.02631578947368421"
"förvunnit","0.02631578947368421"
"metoder","0.02631578947368421"
"gränserna","0.02631578947368421"
"strategi","0.02631578947368421"
"alternativ","0.02631578947368421"
"prioritera","0.07894736842105263"
"storleken","0.02631578947368421"
"själva","0.18421052631578946"
"egna","0.07894736842105263"
"tacka","0.18421052631578946"
"mindre","0.05263157894736842"
"bekymret","0.02631578947368421"
"quicklund","0.07894736842105263"
"multilaterala","0.02631578947368421"
"beslutet","0.02631578947368421"
"summor","0.02631578947368421"
"utvecklas","0.05263157894736842"
"upphandlingarna","0.02631578947368421"
"annorlunda:","0.02631578947368421"
"besluten","0.07894736842105263"
"länsstyrelserna","0.05263157894736842"
"vattenägare","0.02631578947368421"
"försvarsallianser","0.02631578947368421"
"anledningen","0.02631578947368421"
"jag","4.815789473684211"
"fullt","0.21052631578947367"
"egentligen","0.2631578947368421"
"försvarsministern","0.05263157894736842"
"nivå","0.07894736842105263"
"svåra","0.05263157894736842"
"merparten","0.02631578947368421"
"minskning","0.02631578947368421"
"färre","0.02631578947368421"
"undangömd","0.02631578947368421"
"utanför","0.05263157894736842"
"miljönytta","0.05263157894736842"
"frågan","0.6578947368421053"
"svårt","0.13157894736842105"
"skattsedeln","0.07894736842105263"
"befintliga","0.02631578947368421"
"rör","0.02631578947368421"
"integrationspolitiken","0.02631578947368421"
"samlade","0.02631578947368421"
"ursäkt","0.02631578947368421"
"påhittad","0.02631578947368421"
"besöksnäringen","0.02631578947368421"
"odla","0.02631578947368421"
"återkommer","0.05263157894736842"
"skapa","0.13157894736842105"
"viltet","0.02631578947368421"
"översynsuppdrag","0.02631578947368421"
"påförda","0.02631578947368421"
"råda","0.02631578947368421"
"sprida","0.02631578947368421"
"regionala","0.13157894736842105"
"rekrytera","0.02631578947368421"
"elenergi","0.05263157894736842"
"migga","0.02631578947368421"
"mandatperioden","0.05263157894736842"
"handen","0.05263157894736842"
"bohusläns","0.02631578947368421"
"regionalt","0.02631578947368421"
"satsning","0.02631578947368421"
"nästa","0.07894736842105263"
"konstgödsel","0.07894736842105263"
"arbete","0.18421052631578946"
"hanteras","0.05263157894736842"
"förslag","0.5"
"hanterar","0.02631578947368421"
"anförande","0.02631578947368421"
"betala","0.10526315789473684"
"fulla","0.05263157894736842"
"händer","0.05263157894736842"
"kommande","0.07894736842105263"
"prövningarna","0.02631578947368421"
"igen","0.05263157894736842"
"erfarenhet","0.02631578947368421"
"senare","0.05263157894736842"
"igång","0.05263157894736842"
"dränering","0.02631578947368421"
"avvaktande","0.02631578947368421"
"förståelsen","0.02631578947368421"
"grad","0.07894736842105263"
"försvinner","0.05263157894736842"
"härröra","0.02631578947368421"
"insats","0.02631578947368421"
"infrastruktur","0.07894736842105263"
"sverigedemokraternas","0.05263157894736842"
"oacceptabelt","0.02631578947368421"
"realiteten","0.02631578947368421"
"ekonomiskt","0.02631578947368421"
"upprepade","0.02631578947368421"
"förväg?","0.02631578947368421"
"skåne","0.02631578947368421"
"slut","0.05263157894736842"
"ingenstans","0.02631578947368421"
"allmänt","0.02631578947368421"
"energislagen","0.02631578947368421"
"regelverk","0.05263157894736842"
"över","0.6578947368421053"
"ekonomiska","0.15789473684210525"
"länsstyrelsen","0.18421052631578946"
"kantzoner","0.02631578947368421"
"att","13.81578947368421"
"tillsammans","0.07894736842105263"
"prioriteringarna","0.02631578947368421"
"rimligt","0.15789473684210525"
"frisläppning","0.02631578947368421"
"synd","0.02631578947368421"
"statistik","0.02631578947368421"
"vargarna","0.02631578947368421"
"växa","0.02631578947368421"
"snabbrekryteringar","0.02631578947368421"
"åtta","0.10526315789473684"
"jobba","0.02631578947368421"
"sprickan","0.02631578947368421"
"kärnbränsle","0.02631578947368421"
"besked","0.02631578947368421"
"undrar","0.07894736842105263"
"20-40","0.05263157894736842"
"partier","0.02631578947368421"
"(sd)","0.02631578947368421"
"höstsäden","0.02631578947368421"
"nog","0.10526315789473684"
"rimliga","0.05263157894736842"
"fredrik","0.05263157894736842"
"alla","0.3157894736842105"
"flest","0.02631578947368421"
"framöver","0.13157894736842105"
"möjligen","0.02631578947368421"
"jordbruk","0.07894736842105263"
"systemet","0.02631578947368421"
"bedömning","0.02631578947368421"
"fråga:","0.02631578947368421"
"fungerande","0.05263157894736842"
"helger","0.02631578947368421"
"lånar","0.02631578947368421"
"avdrag","0.18421052631578946"
"allt","0.3157894736842105"
"alls","0.05263157894736842"
"visar","0.10526315789473684"
"trycket","0.05263157894736842"
"länsstyrelser","0.02631578947368421"
"visat","0.02631578947368421"
"biståndsministern","0.2894736842105263"
"stämband","0.02631578947368421"
"hundar","0.05263157894736842"
"enklare","0.02631578947368421"
"resultat","0.05263157894736842"
"remissinstanser","0.02631578947368421"
"kunna","0.2894736842105263"
"kvar","0.15789473684210525"
"momentum","0.02631578947368421"
"sammanlagda","0.02631578947368421"
"försöker","0.02631578947368421"
"område","0.05263157894736842"
"sommarföda","0.02631578947368421"
"ekosystem","0.02631578947368421"
"konkurrensutsatt","0.05263157894736842"
"risk","0.05263157894736842"
"lönsamma","0.02631578947368421"
"fyrkantigt","0.02631578947368421"
"strålsäkerhetsmyndigheten","0.02631578947368421"
"citerade","0.02631578947368421"
"flera","0.34210526315789475"
"kring","0.07894736842105263"
"infördes","0.02631578947368421"
"beskrivit","0.05263157894736842"
"<em>en</em>","0.05263157894736842"
"tvärvillkor","0.02631578947368421"
"får","0.868421052631579"
"utlovade","0.02631578947368421"
"kostnaderna","0.07894736842105263"
"därför","0.21052631578947367"
"intressen","0.05263157894736842"
"långt","0.10526315789473684"
"mångfalden","0.02631578947368421"
"efterfrågas","0.02631578947368421"
"investeringskostnad","0.02631578947368421"
"christensson","0.05263157894736842"
"örat","0.02631578947368421"
"tamdjuren","0.02631578947368421"
"igen:","0.02631578947368421"
"lyft","0.13157894736842105"
"förvaltningsområde","0.02631578947368421"
"indikationer","0.02631578947368421"
"elcertifikatssystemet","0.02631578947368421"
"tiotal","0.02631578947368421"
"individuella","0.02631578947368421"
"lagliga","0.02631578947368421"
"nöt","0.02631578947368421"
"prioriterar","0.07894736842105263"
"bekymmersamt","0.02631578947368421"
"anlägga","0.02631578947368421"
"samma","0.39473684210526316"
"vattendrag","0.02631578947368421"
"tvärtom","0.07894736842105263"
"göteborgsledamöter","0.02631578947368421"
"vattenvård","0.02631578947368421"
"ersätter","0.02631578947368421"
"uddevalla","0.02631578947368421"
"prioriterad","0.02631578947368421"
"länsgräns","0.02631578947368421"
"miljarder?","0.02631578947368421"
"jimmy","0.05263157894736842"
"rätta","0.10526315789473684"
"stockholm","0.10526315789473684"
"vill","1.1842105263157894"
"undantag","0.02631578947368421"
"läckage","0.02631578947368421"
"sägs","0.02631578947368421"
"parter","0.02631578947368421"
"dessutom","0.18421052631578946"
"förloraren","0.02631578947368421"
"\*","0.2631578947368421"
"utsedd","0.02631578947368421"
"rikspolischef","0.02631578947368421"
"överklaganden","0.02631578947368421"
"militärt","0.02631578947368421"
"lokal","0.02631578947368421"
"taget","0.05263157894736842"
"säga","0.15789473684210525"
"förgröningen","0.05263157894736842"
"produktionsmålen","0.02631578947368421"
"nato","0.07894736842105263"
"fastighetsägare","0.05263157894736842"
"bort","0.10526315789473684"
"debatt","0.07894736842105263"
"igenom","0.05263157894736842"
"direktiv","0.02631578947368421"
"nedrustning","0.02631578947368421"
"välkomnar","0.05263157894736842"
"ankomstlandet","0.02631578947368421"
"systematiskt","0.02631578947368421"
"åtgärder","0.3684210526315789"
"riksdagsledamöterna","0.02631578947368421"
"intervjusvar","0.02631578947368421"
"ineffektiv","0.02631578947368421"
"långa","0.02631578947368421"
"klimat-","0.02631578947368421"
"någonstans;","0.02631578947368421"
"produktionskapaciteten","0.02631578947368421"
"oklarheter","0.02631578947368421"
"solidaritetsförklaringar","0.02631578947368421"
"system?","0.05263157894736842"
"påminna","0.02631578947368421"
"strategiskt","0.02631578947368421"
"trängselskatt","0.05263157894736842"
"9,4","0.02631578947368421"
"forssell","0.02631578947368421"
"räcker","0.05263157894736842"
"naturligt","0.05263157894736842"
"olycklig","0.02631578947368421"
"svara","0.02631578947368421"
"bättre","0.13157894736842105"
"asylrätten","0.02631578947368421"
"fel","0.2894736842105263"
"fem","0.15789473684210525"
"angripa","0.02631578947368421"
"effekten","0.02631578947368421"
"säkert","0.10526315789473684"
"dagsläget","0.02631578947368421"
"licensjakten","0.05263157894736842"
"effekter","0.02631578947368421"
"skyndsamt","0.02631578947368421"
"hundgården","0.02631578947368421"
"vind","0.02631578947368421"
"producenten","0.02631578947368421"
"vågar","0.05263157894736842"
"försämras","0.02631578947368421"
"gång","0.10526315789473684"
"profil","0.02631578947368421"
"moderaterna","0.21052631578947367"
"svart","0.02631578947368421"
"mjölkböndernas","0.02631578947368421"
"klart:","0.02631578947368421"
"toyotas","0.02631578947368421"
"styrningen","0.05263157894736842"
"licensjakt","0.02631578947368421"
"marker","0.02631578947368421"
"förena","0.05263157894736842"
"naturliga","0.05263157894736842"
"träda","0.02631578947368421"
"marken","0.05263157894736842"
"största","0.02631578947368421"
"vattenverk","0.02631578947368421"
"görs","0.10526315789473684"
"miljarderna?","0.02631578947368421"
"gårdsstödet","0.07894736842105263"
"början","0.10526315789473684"
"klivet","0.02631578947368421"
"straff","0.02631578947368421"
"icke","0.02631578947368421"
"andra","0.7368421052631579"
"växtnäringsämnen","0.02631578947368421"
"konkurrensvillkor","0.02631578947368421"
"fördjupa","0.02631578947368421"
"avsikt","0.02631578947368421"
"skatt","0.05263157894736842"
"vardagen","0.02631578947368421"
"forskning","0.02631578947368421"
"såg","0.02631578947368421"
"situationen","0.07894736842105263"
"respekt","0.02631578947368421"
"talade","0.02631578947368421"
"kalla","0.05263157894736842"
"sak","0.07894736842105263"
"deltar","0.02631578947368421"
"förvaltning","0.02631578947368421"
"kvarnar","0.02631578947368421"
"efterfrågan","0.02631578947368421"
"likaså","0.02631578947368421"
"sambanden","0.02631578947368421"
"lantbrukaren","0.07894736842105263"
"göteborg","0.10526315789473684"
"kommun-","0.02631578947368421"
"statsrådets","0.02631578947368421"
"hänvisade","0.02631578947368421"
"göra","0.39473684210526316"
"rakt","0.05263157894736842"
"krav","0.13157894736842105"
"gett","0.02631578947368421"
"slutligen","0.02631578947368421"
"ordentligt","0.07894736842105263"
"hästar","0.02631578947368421"
"50 000","0.05263157894736842"
"365 000","0.02631578947368421"
"nya","0.3684210526315789"
"chansa","0.02631578947368421"
"maximalt","0.02631578947368421"
"dålig","0.05263157894736842"
"nuvarande","0.02631578947368421"
"ekologiska","0.05263157894736842"
"uppges","0.02631578947368421"
"produktiv","0.05263157894736842"
"turist-","0.02631578947368421"
"hundgård","0.02631578947368421"
"lockat","0.02631578947368421"
"än","0.5263157894736842"
"lyssna","0.02631578947368421"
"mjölk","0.07894736842105263"
"ekonomisk","0.02631578947368421"
"insatser","0.07894736842105263"
"enhet","0.02631578947368421"
"vattenkvalitet","0.02631578947368421"
"är","8.447368421052632"
"skattetryck","0.02631578947368421"
"mellersta","0.07894736842105263"
"åtgärdsprogram.","0.02631578947368421"
"åtgärder?","0.05263157894736842"
"kanske","0.34210526315789475"
"framstod","0.02631578947368421"
"öppna","0.15789473684210525"
"lantbrukarna","0.2631578947368421"
"skräp","0.02631578947368421"
"vargen","0.07894736842105263"
"människor","0.3157894736842105"
"vattenmyndigheter","0.05263157894736842"
"gård","0.02631578947368421"
"arbetsmaskiner","0.02631578947368421"
"kunskapsläget","0.07894736842105263"
"gödselskatt","0.07894736842105263"
"försäkringskassan","0.02631578947368421"
"bevisbördan","0.02631578947368421"
"källa","0.02631578947368421"
"oväntat","0.05263157894736842"
"snabbanställningar","0.02631578947368421"
"tekniska","0.02631578947368421"
"miljön","0.02631578947368421"
"ifrån","0.02631578947368421"
"styrmedel","0.02631578947368421"
"personal","0.02631578947368421"
"eventuella","0.02631578947368421"
"år","0.6052631578947368"
"biltillverkningsfabriker","0.02631578947368421"
"drivs","0.02631578947368421"
"brukar","0.02631578947368421"
"åt","0.10526315789473684"
"synpunkter","0.02631578947368421"
"driva","0.15789473684210525"
"ekologiskt","0.07894736842105263"
"fokuserar","0.05263157894736842"
"berättar","0.02631578947368421"
"hållbara","0.02631578947368421"
"fokuseras","0.02631578947368421"
"således","0.05263157894736842"
"ukraina","0.02631578947368421"
"av","3.6052631578947367"
"fortsatt","0.05263157894736842"
"omfattande","0.13157894736842105"
"eu-rätten","0.02631578947368421"
"jakthundar","0.02631578947368421"
"folk","0.10526315789473684"
"utsatta","0.02631578947368421"
"förbättra","0.05263157894736842"
"bevarandestatus","0.05263157894736842"
"vattenmyndigheten","0.07894736842105263"
"direkt","0.10526315789473684"
"platser","0.07894736842105263"
"berättigad","0.02631578947368421"
"delen","0.2631578947368421"
"principerna","0.02631578947368421"
"raps","0.02631578947368421"
"interpellationer","0.3157894736842105"
"turism","0.13157894736842105"
"ministern","0.23684210526315788"
"jordanska","0.02631578947368421"
"underbyggda","0.02631578947368421"
"bo","0.02631578947368421"
"påståenden","0.02631578947368421"
"avlopp","0.02631578947368421"
"även","0.5789473684210527"
"sämre","0.05263157894736842"
"'small","0.05263157894736842"
"interpellationen","0.13157894736842105"
"konkurrentländer","0.02631578947368421"
"götaland","0.05263157894736842"
"helst","0.10526315789473684"
"gällde","0.05263157894736842"
"djurtäthet","0.02631578947368421"
"överkoncentrationen","0.02631578947368421"
"hyser","0.02631578947368421"
"ca","0.10526315789473684"
"innovation","0.02631578947368421"
"ser","0.4473684210526316"
"kristina","0.02631578947368421"
"höjer","0.10526315789473684"
"urholkas","0.02631578947368421"
"viss","0.05263157894736842"
"medför","0.05263157894736842"
"attraktionskraft","0.02631578947368421"
"nämndes","0.02631578947368421"
"grannars","0.02631578947368421"
"gått","0.07894736842105263"
"bortse","0.02631578947368421"
"detta","1.3421052631578947"
"förstår","0.10526315789473684"
"hänt","0.02631578947368421"
"hoppas","0.23684210526315788"
"fly","0.05263157894736842"
"avräkningen","0.02631578947368421"
"bakgrund","0.02631578947368421"
"jobb","0.23684210526315788"
"löser","0.05263157894736842"
"visa","0.02631578947368421"
"strandskyddslagstiftningen?","0.02631578947368421"
"utöver","0.05263157894736842"
"nationell","0.02631578947368421"
"framfört","0.02631578947368421"
"5,5","0.02631578947368421"
"de","4.026315789473684"
"framföra","0.02631578947368421"
"getter","0.02631578947368421"
"vattenprovtagning","0.05263157894736842"
"lönsamhet","0.02631578947368421"
"miljöpartiet","0.05263157894736842"
"uppnå","0.05263157894736842"
"ben","0.02631578947368421"
"världen","0.07894736842105263"
"skogen","0.02631578947368421"
"ansvarsområden","0.02631578947368421"
"åtgärderna","0.07894736842105263"
"parti","0.05263157894736842"
"föryngringar","0.10526315789473684"
"kraven","0.07894736842105263"
"lands-","0.02631578947368421"
"du","0.18421052631578946"
"ungefär","0.3157894736842105"
"upplever","0.05263157894736842"
"förutsättning","0.02631578947368421"
"30 000","0.02631578947368421"
"intressant","0.05263157894736842"
"migranter","0.02631578947368421"
"fjärdedel","0.02631578947368421"
"5-7","0.02631578947368421"
"befinner","0.07894736842105263"
"vems","0.02631578947368421"
"nämnvärd","0.02631578947368421"
"bekant","0.02631578947368421"
"överskugga","0.02631578947368421"
"ej","0.02631578947368421"
"personer","0.07894736842105263"
"en","5.368421052631579"
"centralt","0.02631578947368421"
"hitta","0.02631578947368421"
"tvärvillkorsavdrag?","0.02631578947368421"
"upprepa","0.02631578947368421"
"expropriera","0.02631578947368421"
"eu","0.10526315789473684"
"önskan","0.02631578947368421"
"ändring","0.02631578947368421"
"papper","0.02631578947368421"
"tillvaro","0.02631578947368421"
"genast","0.02631578947368421"
"intervjuats","0.02631578947368421"
"energin","0.02631578947368421"
"vargar","0.15789473684210525"
"centrala","0.02631578947368421"
"fog","0.02631578947368421"
"instämde","0.02631578947368421"
"väljer","0.13157894736842105"
"vattenkraftverken","0.07894736842105263"
"felaktigt","0.07894736842105263"
"generella","0.02631578947368421"
"fn","0.02631578947368421"
"delar","0.2631578947368421"
"intervjuer","0.02631578947368421"
"vilken","0.18421052631578946"
"kontrollkostnad","0.02631578947368421"
"sig","1.1578947368421053"
"frågetecken","0.02631578947368421"
"villebråd","0.02631578947368421"
"flockar","0.02631578947368421"
"glömmer","0.07894736842105263"
"intervjuerna","0.05263157894736842"
"sammanfattningsvis","0.02631578947368421"
"medarbetarna","0.07894736842105263"
"dina","0.02631578947368421"
"degenererat","0.02631578947368421"
"upprusta","0.02631578947368421"
"oftast","0.02631578947368421"
"sin","0.5"
"jägare","0.10526315789473684"
"felaktiga","0.02631578947368421"
"domen","0.02631578947368421"
"ge","0.13157894736842105"
"våld","0.02631578947368421"
"förra","0.07894736842105263"
"historia","0.02631578947368421"
"läge","0.10526315789473684"
"nordiska","0.10526315789473684"
"alltid","0.05263157894736842"
"förmåga","0.02631578947368421"
"hundra","0.05263157894736842"
"generellt","0.05263157894736842"
"utredaren","0.02631578947368421"
"långbänk","0.02631578947368421"
"form","0.13157894736842105"
"genom","0.21052631578947367"
"vilket","0.39473684210526316"
"krig","0.05263157894736842"
"skyldiga","0.02631578947368421"
"kronor","0.2631578947368421"
"ha","0.6578947368421053"
"stympning","0.02631578947368421"
"statens","0.02631578947368421"
"socialdemokraterna","0.05263157894736842"
"sju","0.02631578947368421"
"då","0.5789473684210527"
"utredare","0.02631578947368421"
"bedrivs","0.05263157894736842"
"vidare?","0.02631578947368421"
"ska","1.8421052631578947"
"åtgärdsförslag","0.05263157894736842"
"ministrar","0.02631578947368421"
"utvidgas","0.02631578947368421"
"oerhört","0.02631578947368421"
"skyddet","0.05263157894736842"
"vinst","0.02631578947368421"
"ske","0.05263157894736842"
"först","0.23684210526315788"
"pm:et","0.02631578947368421"
"bedriva","0.02631578947368421"
"uppföljningen","0.02631578947368421"
"och","7.973684210526316"
"sysselsättning","0.02631578947368421"
"stycke","0.02631578947368421"
"försvarsallians","0.10526315789473684"
"dramatiskt","0.05263157894736842"
"infrastrukturen?","0.02631578947368421"
"för","5.0"
"in","0.23684210526315788"
"sätt","0.15789473684210525"
"utökningar","0.02631578947368421"
"hantera","0.07894736842105263"
"fru","0.42105263157894735"
"ryggen","0.02631578947368421"
"boende","0.02631578947368421"
"läser","0.02631578947368421"
"gynnsam","0.05263157894736842"
"straffskatter","0.02631578947368421"
"målsättning","0.02631578947368421"
"ja","0.02631578947368421"
"presenterade","0.02631578947368421"
"bryssel","0.02631578947368421"
"felen","0.02631578947368421"
"legitimitet","0.02631578947368421"
"få","0.5263157894736842"
"framsteg","0.02631578947368421"
"trygg","0.02631578947368421"
"valt","0.13157894736842105"
"hållbar","0.13157894736842105"
"återkom","0.02631578947368421"
"spannmålsgård","0.02631578947368421"
"jo","0.05263157894736842"
"generationsväxling","0.02631578947368421"
"ju","0.07894736842105263"
"rapporterna","0.02631578947368421"
"förut","0.05263157894736842"
"verklighet?","0.02631578947368421"
"produktionsmål","0.10526315789473684"
"endast","0.02631578947368421"
"öppnade","0.02631578947368421"
"älgjakten","0.07894736842105263"
"tittar","0.05263157894736842"
"uppdrag","0.05263157894736842"
"tittat","0.02631578947368421"
"december","0.05263157894736842"
"mjölkproduktion","0.05263157894736842"
"tradition","0.02631578947368421"
"vargmat","0.05263157894736842"
"bli","0.3157894736842105"
"gå","0.13157894736842105"
"kostar","0.05263157894736842"
"finland","0.10526315789473684"
"vakt","0.02631578947368421"
"jämföra","0.05263157894736842"
"rysslandsbojkott","0.02631578947368421"
"landsbygdsministerns","0.05263157894736842"
"sida","0.07894736842105263"
"undgått","0.02631578947368421"
"vattenkraftsstationer","0.02631578947368421"
"veta","0.05263157894736842"
"paketet","0.02631578947368421"
"fånggrödor","0.02631578947368421"
"hänvisa","0.02631578947368421"
"köra","0.02631578947368421"
"småskaliga","0.07894736842105263"
"började","0.05263157894736842"
"göteborgsregionen","0.02631578947368421"
"vattenfall","0.05263157894736842"
"plats","0.13157894736842105"
"drabbar","0.07894736842105263"
"drabbas","0.05263157894736842"
"1,4","0.02631578947368421"
"sedan","0.3684210526315789"
"1,7","0.02631578947368421"
"prestera","0.02631578947368421"
"sjö","0.05263157894736842"
"tillämpningen","0.07894736842105263"
"värmlänning","0.02631578947368421"
"instabilitet","0.02631578947368421"
"avser","0.10526315789473684"
"försvars-","0.05263157894736842"
"talmans","0.02631578947368421"
"gäller","0.6052631578947368"
"vårt","0.21052631578947367"
"läns","0.02631578947368421"
"diskvalificerade","0.02631578947368421"
"granskande","0.02631578947368421"
"utsädet","0.02631578947368421"
"flyktingläger","0.02631578947368421"
"förstå","0.05263157894736842"
"alliansfrihet","0.02631578947368421"
"förväntade","0.02631578947368421"
"solidaritet","0.02631578947368421"
"medarbetare","0.13157894736842105"
"som","7.657894736842105"
"återgår","0.02631578947368421"
"ärter","0.05263157894736842"
"kraftverk","0.02631578947368421"
"kostnader?","0.02631578947368421"
"hindra","0.02631578947368421"
"dela","0.02631578947368421"
"anpassas","0.02631578947368421"
"ombud","0.02631578947368421"
"dem?","0.02631578947368421"
"konkurrenskraftsutredningen","0.02631578947368421"
"kött","0.02631578947368421"
"skrivit:","0.02631578947368421"
"båtflyktingar","0.02631578947368421"
"meter","0.13157894736842105"
"våra","0.21052631578947367"
"miggor","0.02631578947368421"
"gigantiskt","0.02631578947368421"
"lever","0.18421052631578946"
"nationellt","0.02631578947368421"
"slå","0.02631578947368421"
"passerar","0.02631578947368421"
"relevant","0.02631578947368421"
"förvaltningsområdet","0.05263157894736842"
"åren?","0.02631578947368421"
"ni","0.21052631578947367"
"elva","0.05263157894736842"
"49 000","0.02631578947368421"
"sommaren","0.02631578947368421"
"växtodling","0.02631578947368421"
"västlänken","0.05263157894736842"
"diskuterat","0.02631578947368421"
"lokalen","0.02631578947368421"
"krävt","0.05263157894736842"
"krävs","0.15789473684210525"
"sådan","0.07894736842105263"
"eu-land","0.02631578947368421"
"räknar","0.02631578947368421"
"blad","0.02631578947368421"
"bor","0.10526315789473684"
"uppdraget","0.02631578947368421"
"diskuterar","0.13157894736842105"
"produktionstänkande","0.02631578947368421"
"nu","0.5"
"diskuteras","0.02631578947368421"
"backa","0.05263157894736842"
"enligt","0.21052631578947367"
"handlingssätt","0.02631578947368421"
"små","0.07894736842105263"
"ny","0.07894736842105263"
"uttryckligen","0.05263157894736842"
"skrev","0.07894736842105263"
"näringsläckage","0.02631578947368421"
"avslag","0.02631578947368421"
"förfarande?","0.02631578947368421"
"missar","0.02631578947368421"
"glesbygd","0.02631578947368421"
"dialog","0.10526315789473684"
"kräva","0.02631578947368421"
"näringslivet","0.05263157894736842"
"överklagas","0.02631578947368421"
"antal","0.23684210526315788"
"övrigt","0.05263157894736842"
"djurägare","0.02631578947368421"
"kan","1.9473684210526316"
"återväxten","0.07894736842105263"
"tamdjursägarna","0.02631578947368421"
"om","4.0"
"gränser","0.10526315789473684"
"svar","0.6842105263157895"
"böndernas","0.02631578947368421"
"saknar","0.02631578947368421"
"starka","0.07894736842105263"
"saknas","0.02631578947368421"
"investerar","0.02631578947368421"
"svår","0.02631578947368421"
"utbildning","0.02631578947368421"
"okontrollerat","0.02631578947368421"
"fråga","0.6842105263157895"
"örebro","0.05263157894736842"
"illa","0.02631578947368421"
"politisk","0.07894736842105263"
"kraftbalans","0.02631578947368421"
"10)","0.02631578947368421"
"samförstånd","0.02631578947368421"
"utgångspunkter","0.02631578947368421"
"övriga","0.13157894736842105"
"uppfattningar","0.02631578947368421"
"uppfattning","0.02631578947368421"
"100","0.18421052631578946"
"undersökningar","0.02631578947368421"
"återkomma","0.02631578947368421"
"kreditinstitut","0.02631578947368421"
"starkt","0.05263157894736842"
"trivas","0.02631578947368421"
"tjäna","0.02631578947368421"
"direktivet","0.02631578947368421"
"avräkningar","0.07894736842105263"
"tryck","0.02631578947368421"
"pm","0.02631578947368421"
"problematik","0.02631578947368421"
"vinnarna","0.02631578947368421"
"förväntas","0.02631578947368421"
"avväga","0.02631578947368421"
"förväntat","0.02631578947368421"
"vägar","0.05263157894736842"
"minst","0.02631578947368421"
"börja","0.07894736842105263"
"intrycket","0.02631578947368421"
"rovdjurspolitiken","0.05263157894736842"
"kantrubrik","0.2631578947368421"
"migrationsverkets","0.05263157894736842"
"nog?","0.02631578947368421"
"inklusive","0.05263157894736842"
"ersättningsreaktorer","0.02631578947368421"
"hörde","0.05263157894736842"
"grästorps","0.02631578947368421"
"bra","0.2894736842105263"
"110","0.05263157894736842"
"grannländer","0.05263157894736842"
"enkelt","0.15789473684210525"
"lära","0.02631578947368421"
"detta?","0.07894736842105263"
"vari","0.02631578947368421"
"hinder","0.02631578947368421"
"varg","0.10526315789473684"
"må","0.02631578947368421"
"potentiella","0.02631578947368421"
"särskilda","0.02631578947368421"
"varannan","0.02631578947368421"
"om:","0.02631578947368421"
"bör","0.21052631578947367"
"regionaliseringen","0.02631578947368421"
"utflyttad","0.02631578947368421"
"stopp","0.05263157894736842"
"använder","0.07894736842105263"
"fjolårets","0.02631578947368421"
"betydelsen","0.02631578947368421"
"företagare","0.02631578947368421"
"frustration","0.02631578947368421"
"rimligt?","0.02631578947368421"
"verkligen","0.13157894736842105"
"vare","0.05263157894736842"
"länsstyrelsernas","0.05263157894736842"
"tanke","0.15789473684210525"
"vara","0.8157894736842105"
"motiveringar","0.02631578947368421"
"viktig","0.2894736842105263"
"interpellanten","0.07894736842105263"
"innefattar","0.02631578947368421"
"skära","0.02631578947368421"
"satsa","0.13157894736842105"
"kontrollerad","0.02631578947368421"
"nå","0.05263157894736842"
"bolaget","0.02631578947368421"
"energipolitisk","0.02631578947368421"
"beaktande","0.02631578947368421"
"biologisk","0.02631578947368421"
"skåne:","0.02631578947368421"
"eloge","0.02631578947368421"
"miljoner","0.42105263157894735"
"arpis","0.05263157894736842"
"historiska","0.02631578947368421"
"kontrolleras","0.02631578947368421"
"rådgivningsorganisationer","0.02631578947368421"
"lätt","0.07894736842105263"
"sa","0.05263157894736842"
"mjölkbönder","0.07894736842105263"
"enskild","0.02631578947368421"
"se","0.47368421052631576"
"terawattimmar","0.02631578947368421"
"prövningen","0.02631578947368421"
"behöver","0.21052631578947367"
"hävda","0.07894736842105263"
"blev","0.05263157894736842"
"tyckas","0.02631578947368421"
"stora","0.2631578947368421"
"jordbrukarna","0.02631578947368421"
"lantbrukare","0.15789473684210525"
"natoperspektiv","0.02631578947368421"
"ände","0.02631578947368421"
"lantbruket","0.39473684210526316"
"hålla","0.07894736842105263"
"noga","0.05263157894736842"
"insatta","0.02631578947368421"
"ta","0.5789473684210527"
"unilaterala","0.02631578947368421"
"läst","0.02631578947368421"
"ända","0.02631578947368421"
"eu-förordningarna","0.02631578947368421"
"önska","0.02631578947368421"
"första","0.10526315789473684"
"uppifrån","0.02631578947368421"
"te","0.02631578947368421"
"vattenmyndigheterna","0.07894736842105263"
"förtroendekapital","0.02631578947368421"
"fullgör","0.02631578947368421"
"varför","0.15789473684210525"
"artikel","0.10526315789473684"
"tilltagen","0.02631578947368421"
"på","5.394736842105263"
"skatterna","0.02631578947368421"
"kritiken","0.02631578947368421"
"stort","0.05263157894736842"
"förlorar","0.02631578947368421"
"överens","0.05263157894736842"
"lyfte","0.02631578947368421"
"växande","0.02631578947368421"
"värsta","0.05263157894736842"
"norra","0.05263157894736842"
"sjukskrivningar","0.05263157894736842"
"specificera","0.02631578947368421"
"provocera","0.02631578947368421"
"icke-proportionerliga","0.02631578947368421"
"självmål","0.02631578947368421"
"tillgängligheten","0.02631578947368421"
"åtgärdsprogrammet","0.05263157894736842"
"lyfta","0.07894736842105263"
"sista","0.02631578947368421"
"landsbygdens","0.02631578947368421"
"dess","0.13157894736842105"
"länge","0.07894736842105263"
"organisationer","0.02631578947368421"
"skillnad","0.07894736842105263"
"ifall","0.02631578947368421"
"återkräva","0.02631578947368421"
"organisationen","0.02631578947368421"
"växtodlingsrådgivare","0.05263157894736842"
"verka","0.07894736842105263"
"sagts","0.02631578947368421"
"tillåta","0.02631578947368421"
"ur","0.13157894736842105"
"ut","0.5"
"fullföljt","0.02631578947368421"
"övertygad?","0.02631578947368421"
"det?","0.05263157894736842"
"minskar","0.07894736842105263"
"minskat","0.05263157894736842"
"stå","0.10526315789473684"
"eskil","0.05263157894736842"
"vidtar","0.02631578947368421"
"försvarsförmåga","0.10526315789473684"
"det:","0.02631578947368421"
"avdragssystemet","0.02631578947368421"
"naturvårdsverkets","0.02631578947368421"
"utökningen","0.02631578947368421"
"föreslå","0.02631578947368421"
"enighet","0.02631578947368421"
"vi","3.3421052631578947"
"representerar","0.02631578947368421"
"verkställas","0.02631578947368421"
"minskad","0.05263157894736842"
"väntar","0.05263157894736842"
"längs","0.02631578947368421"
"uppmuntra","0.02631578947368421"
"ändrades","0.02631578947368421"
"tjugotal","0.02631578947368421"
"sina","0.34210526315789475"
"region","0.02631578947368421"
"otroligt","0.02631578947368421"
"tycke","0.05263157894736842"
"fantastiskt","0.02631578947368421"
"avtal","0.07894736842105263"
"högt","0.02631578947368421"
"konflikten","0.02631578947368421"
"tätast","0.02631578947368421"
"regeringen","0.9736842105263158"
"resulterat","0.02631578947368421"
"tycka","0.02631578947368421"
"så","1.1842105263157894"
"onödan","0.02631578947368421"
"beklämmande","0.05263157894736842"
"frånvaro","0.02631578947368421"
"går","0.23684210526315788"
"eftersatta","0.02631578947368421"
"oktober","0.02631578947368421"
"höga","0.05263157894736842"
"blir","0.42105263157894735"
"magnus","0.02631578947368421"
"jord-","0.07894736842105263"
"ord","0.07894736842105263"
"valrörelsen","0.05263157894736842"
"ändå","0.34210526315789475"
"dörr","0.02631578947368421"
"tvinga","0.02631578947368421"
"därefter","0.02631578947368421"
"41 a","0.05263157894736842"
"tvärvillkorsområde","0.02631578947368421"
"problemet","0.13157894736842105"
"investera","0.07894736842105263"
"verklighet","0.05263157894736842"
"oro","0.13157894736842105"
"anmärkningsvärt","0.02631578947368421"
"hektar","0.23684210526315788"
"problemen","0.02631578947368421"
"misstolkats","0.02631578947368421"
"bilaterala","0.02631578947368421"
"onekligen","0.02631578947368421"
"hemtrakter","0.02631578947368421"
"politiker","0.05263157894736842"
"försvårat","0.02631578947368421"
"politiken","0.07894736842105263"
"tycks","0.02631578947368421"
"länet","0.02631578947368421"
"skulle","0.7631578947368421"
"hela","0.23684210526315788"
"sist","0.02631578947368421"
"lagrade","0.02631578947368421"
"hade","0.34210526315789475"
"dragits","0.02631578947368421"
"övertolkning","0.02631578947368421"
"april","0.02631578947368421"
"grästorpsslätten","0.02631578947368421"
"oss","0.2894736842105263"
"salix","0.02631578947368421"
"väckte","0.02631578947368421"
"problem","0.2631578947368421"
"ytenhet","0.02631578947368421"
"självskriven","0.02631578947368421"
"nato-ö","0.02631578947368421"
"älgstam","0.02631578947368421"
"internt","0.02631578947368421"
"remitterades","0.02631578947368421"
"konfliktens","0.02631578947368421"
"planerat","0.02631578947368421"
"kontrollfunktion","0.02631578947368421"
"vackra","0.05263157894736842"
"bestraffas","0.02631578947368421"
"följdes","0.02631578947368421"
"tillfället","0.02631578947368421"
"varken","0.05263157894736842"
"bonden","0.07894736842105263"
"rättar","0.02631578947368421"
"införde","0.05263157894736842"
"landsbygdsbors","0.02631578947368421"
"rättat","0.02631578947368421"
"jägarna","0.05263157894736842"
"utreda","0.05263157894736842"
"noll","0.02631578947368421"
"ytterligare","0.10526315789473684"
"alliansregeringens","0.02631578947368421"
"avsikten","0.02631578947368421"
"humorprogram","0.02631578947368421"
"oron","0.05263157894736842"
"generaldirektören","0.02631578947368421"
"ännu","0.15789473684210525"
"beviljas","0.02631578947368421"
"framtidsjobb","0.02631578947368421"
"utan","0.6842105263157895"
"staten.","0.02631578947368421"
"drabbade","0.05263157894736842"
"interna","0.02631578947368421"
"beviljar","0.02631578947368421"
"förordar","0.02631578947368421"
"politiskt","0.02631578947368421"
"sverige.","0.02631578947368421"
"landsbygdsminister","0.10526315789473684"
"biståndsramen","0.02631578947368421"
"budgeten","0.05263157894736842"
"tveksam","0.02631578947368421"
"livsmedelsstrategin","0.05263157894736842"
"bedömer","0.02631578947368421"
"stänga","0.02631578947368421"
"politiska","0.15789473684210525"
"erlandsson","0.02631578947368421"
"knäna","0.02631578947368421"
"stängt","0.02631578947368421"
"kontraproduktiva","0.02631578947368421"
"ges","0.02631578947368421"
"lean","0.05263157894736842"
"goda","0.02631578947368421"
"människorna","0.02631578947368421"
"ger","0.07894736842105263"
"pågick","0.02631578947368421"
"lider","0.02631578947368421"
"birger","0.02631578947368421"
"lantbruket?","0.02631578947368421"
"sitt","0.13157894736842105"
"friluftsorganisationerna","0.02631578947368421"
"måste","0.7368421052631579"
"höjs","0.02631578947368421"
"15 000","0.02631578947368421"
"övergödningen","0.02631578947368421"
"presenteras?","0.02631578947368421"
"kunnat","0.15789473684210525"
"angelägen","0.05263157894736842"
"managementsystem","0.02631578947368421"
"hållet","0.02631578947368421"
"svaret","0.5263157894736842"
"faktum","0.02631578947368421"
"aggression","0.05263157894736842"
"arbetsmetoder","0.02631578947368421"
"naturvårdsverket","0.07894736842105263"
"håller","0.10526315789473684"
"rättsosäkert","0.07894736842105263"
"ihop","0.07894736842105263"
"behövs","0.10526315789473684"
"helt","0.34210526315789475"
"människa","0.07894736842105263"
"framdeles","0.02631578947368421"
"höja","0.05263157894736842"
"förtydliga","0.02631578947368421"
"revir","0.02631578947368421"
"särskilt","0.07894736842105263"
"fimbulvinter","0.02631578947368421"
"bemyndigande","0.02631578947368421"
"sverige?","0.02631578947368421"
"idka","0.02631578947368421"
"speciellt","0.02631578947368421"
"träffat","0.02631578947368421"
"behöva","0.05263157894736842"
"argument","0.02631578947368421"
"uppenbarar","0.02631578947368421"
"leda","0.02631578947368421"
"handlar","0.39473684210526316"
"sunne","0.07894736842105263"
"kom","0.07894736842105263"
"däremot","0.02631578947368421"
"skadliga","0.05263157894736842"
"vägen","0.05263157894736842"
"sveriges","0.13157894736842105"
"sagt","0.10526315789473684"
"väger","0.02631578947368421"
"kor","0.05263157894736842"
"håll","0.05263157894736842"
"ovärderlig","0.02631578947368421"
"tyst","0.02631578947368421"
"oberoende","0.07894736842105263"
"miljöambitioner","0.02631578947368421"
"svaren","0.07894736842105263"
"banavgifter","0.02631578947368421"
"berättelser","0.02631578947368421"
"kritiserat","0.02631578947368421"
"tusentals","0.10526315789473684"
"tag","0.02631578947368421"
"beräkningsmetoderna","0.02631578947368421"
"skämmas","0.02631578947368421"
"tal","0.02631578947368421"
"baseras","0.02631578947368421"
"lika","0.05263157894736842"
"energimyndigheten","0.02631578947368421"
"samstämmighet","0.02631578947368421"
"tar","0.39473684210526316"
"versioner","0.02631578947368421"
"tas","0.10526315789473684"
"poängtera","0.02631578947368421"
"naturen","0.05263157894736842"
"intressesfär","0.02631578947368421"
"lantbrukets","0.05263157894736842"
"intressena","0.02631578947368421"
"konflikt","0.02631578947368421"
"skyddsformer","0.02631578947368421"
"fallhöjder","0.02631578947368421"
"kultur","0.05263157894736842"
"övervägande","0.02631578947368421"
"haft","0.05263157894736842"
"utnyttjandet","0.02631578947368421"
"sökt","0.05263157894736842"
"ögonöppnare","0.02631578947368421"
"utifrån","0.07894736842105263"
"höll","0.02631578947368421"
"skadligt","0.05263157894736842"
"exempel","0.5263157894736842"
"proportionerliga","0.02631578947368421"
"sänkta","0.02631578947368421"
"2 000","0.02631578947368421"
"rapporterat","0.02631578947368421"
"herr","0.9473684210526315"
"rapporterar","0.05263157894736842"
"tycker","0.47368421052631576"
"löd:","0.07894736842105263"
"ifrågasätter","0.02631578947368421"
"effektivare","0.05263157894736842"
"fler","0.21052631578947367"
"bidragit","0.02631578947368421"
"jordbruksmark","0.05263157894736842"
"skogsbygderna","0.05263157894736842"
"växer","0.02631578947368421"
"miljöbalken","0.07894736842105263"
"kommentar","0.02631578947368421"
"framför","0.34210526315789475"
"motion","0.02631578947368421"
"utökade","0.05263157894736842"
"svarar","0.02631578947368421"
"förvänta","0.05263157894736842"
"västsverige","0.02631578947368421"
"instämma","0.02631578947368421"
"ökade","0.07894736842105263"
"möjlighet","0.02631578947368421"
"(forts","0.05263157894736842"
"skattehöjningar","0.07894736842105263"
"sammanhanget;","0.02631578947368421"
"synsätt","0.02631578947368421"
"lokalt","0.02631578947368421"
"orolig","0.02631578947368421"
"jordbruk?","0.02631578947368421"
"pengar","0.10526315789473684"
"departementet","0.02631578947368421"
